N,P,K,temperature,humidity,ph,rainfall,label
83.04717079754431,39.68012715007603,43.752255979032284,25.881129432782426,72.24482405673082,5.879128197255073,239.19601007918214,rice
76.83757407656418,47.86559073996569,35.7347803621321,25.758795949725656,85.88895967714474,6.426412279024487,264.1810301742008,rice
84.67509342252046,41.12566029693409,41.843753920412496,22.082234798342004,86.39225150653637,6.380029635605499,231.3784409113685,rice
73.1907045559606,57.780330709392246,39.227352589655986,23.143344355673786,80.23933224755885,6.6129236742213395,245.13610160910196,rice
84.12732611595989,51.44656802406306,50.70823800435231,23.18716996723077,79.43878635464232,6.07449090870085,251.3994855643874,rice
91.28972292720891,47.088420338761,35.79921761518736,22.35103756861752,85.2529639391235,6.697301668481377,249.57885670762988,rice
73.34490292711305,49.85729058453376,40.58342904570364,24.437377193458026,86.35714388974095,6.489438219509873,252.97283907679736,rice
80.67579069488892,50.312955189519876,43.1564411291927,21.085688360288668,80.4016439182135,6.211850938282883,220.02805379391646,rice
77.24857748773316,59.95953048987516,35.670844421533786,25.936556709182963,73.58565114192098,6.266045988005691,240.06882662762513,rice
85.86222331359278,53.68981263834284,43.96673617599963,23.302549855503123,79.68824103667717,6.743190352502862,231.21739187795964,rice
67.24313676662078,38.93370228797215,35.402738569991946,24.994321488107527,82.71212868035282,6.676194141627108,225.31868384158665,rice
81.58539691076714,53.004723151738695,38.45326730139881,24.913550475114825,78.69037029466675,6.254778461373972,226.45655265004177,rice
68.0416035441096,51.895779846284654,37.65298829898638,24.024988237455375,84.40373329452954,6.578612470411978,252.63462772431967,rice
79.01514515490577,44.61361350364677,39.601408945468,20.62533113208394,74.76443763788457,5.870920155058239,211.06882930996295,rice
83.99774226723437,40.75616755711951,38.109187229803055,26.59845659557213,80.21868014469287,6.695006227386835,212.65955799975308,rice
77.9456244213237,40.39982356071535,38.30483462049719,25.68061627491479,73.36339788403825,6.573769457418344,241.94339005830696,rice
74.05850044303206,36.43153716489236,40.360647538569346,22.941014581872395,83.16338105677352,6.408740858209377,276.04447228302286,rice
77.60644372526976,39.81202005902508,40.89637817478158,24.43999336794353,88.79593787620219,6.734044498365832,244.92177647873774,rice
94.63302891219561,38.48989556541719,36.80124233625126,22.14684811718895,80.05095098422116,5.8493255409774765,251.87877367036012,rice
77.77777302901227,36.23354964397873,34.92210459396229,24.62702769490039,86.1906328394719,7.198692356676715,308.8465616501832,rice
84.14409433275996,40.08369503974509,29.339768596343454,24.535422924687673,77.93529452344836,6.233857095928126,220.6975800235048,rice
78.59209113583614,56.52784184630115,40.785242837226725,23.682730325922623,76.82173123587094,5.730126822118257,223.84230227316672,rice
79.4621744918168,62.14343930863906,40.65137260736443,25.965479022046114,79.50352200730424,5.926022493433191,211.8720809441907,rice
72.74773935464246,65.02775785948131,35.89306660387807,25.67697840747269,77.48536410956487,6.772629205149698,245.62377415264658,rice
78.4336210234191,47.67389979091653,36.72606152285305,24.89214440296416,79.7250825982961,5.909757694493101,204.05156064200952,rice
81.72587917722119,60.63273005128348,40.799958067867195,23.762723347780234,83.42913069801271,6.922400696682731,241.4845625340964,rice
75.89072769166263,56.850309680479114,42.143782192308066,27.071511983991982,82.91617218610953,5.9102123873118,201.79602001885837,rice
96.5092793223125,61.78932576626637,39.102403933587,23.233625357728023,89.30722146121101,5.957181727182605,213.63182452610434,rice
86.43326794689044,44.843159017123284,39.97439066639964,23.673114202950973,83.68787274399467,6.962992744525487,238.26462267254365,rice
86.43938793276858,31.59862319175182,39.75640799034941,22.313539459414258,75.90593469788186,6.0487390532285,227.6469139824797,rice
89.15902542356014,37.38885825808349,40.15315746297209,23.031661133332843,80.3616345281902,6.801103130121842,249.45288592509814,rice
93.37398107442743,46.7639545660008,36.52028694164648,23.552282366239,83.21248395635611,6.470629343381485,208.89029819416584,rice
80.90489781627875,49.82582664111124,52.587370187669606,27.75368922256334,77.7337832472059,6.28504665538033,199.41394995407492,rice
74.09292986036513,50.52484002872272,46.029268104441165,22.541832324512782,78.72926779966102,5.541084388104538,231.93335198637732,rice
69.37585588140436,43.76448458107141,35.61569610916206,23.811474891494885,73.21135804321685,5.813181901843604,289.2311778007074,rice
67.1257741872597,39.225715372362885,49.18456764160657,29.810134338480815,76.14216685587328,6.252700417284788,244.53888877351272,rice
97.28697644405592,40.1051433725741,38.77361077028945,25.554675152123487,84.1738303723331,6.249537571507961,232.65442588709897,rice
66.25104191630018,46.094610048202675,38.66806254995522,24.464339779252512,79.22336390590492,6.588615409018056,261.3178954454957,rice
81.55429327668466,50.814051267193626,40.26577673788934,24.00016878618283,78.39220983228576,6.5265977046693235,233.56783503966275,rice
100.93168308930595,60.58683921980194,41.929232762782505,22.473885580610464,76.43794264008291,6.876457181235546,242.56873062867845,rice
84.80143403391611,34.04331210420646,44.637192407790906,24.908840676428724,76.4478465779276,6.21139007702002,242.59293010891298,rice
80.52466798356244,45.66263051357156,39.4825586596702,23.49604524358623,82.76281256051234,6.988596789197263,171.83353897671756,rice
77.63149735490316,49.412099370979575,41.479969948435496,23.25617083735742,73.2163910876071,6.531198193485644,279.1837553541046,rice
64.66138595083862,54.910624109585505,38.35737388438553,23.877351308342305,76.73550744648026,6.26621753105765,268.501114867474,rice
85.82655241987707,61.85849284327955,45.887059444888465,24.878173357859154,90.71967263083896,6.57559726349532,256.6997044199265,rice
77.03429046465291,48.53236652687364,36.51288088349862,25.979167869189705,76.10848188442567,6.712940136967065,231.233723562371,rice
91.71247093467319,54.00695190985008,49.10323078823401,25.46154938227729,74.1397987217338,6.37321873084072,206.6998201851296,rice
74.81720157633725,60.08982746621378,43.18766905448848,22.602139142842507,76.93141316779801,6.413112837150504,205.5859962654718,rice
73.28859722603418,50.49607577240995,45.77656018053348,25.21752294444888,70.5435524570095,6.521746691612104,237.80083933081445,rice
84.13890285372693,60.929677453209656,29.683808615976286,22.81779314961779,84.95453161396678,5.767362240218423,272.8987262013377,rice
83.68356612700659,54.77267188674723,37.14528169239103,25.62752737993242,87.34235777994519,6.493151208054868,241.8600223174674,rice
82.70343239281726,41.09323788208495,39.262356598798235,23.694954935095282,83.91696932176748,6.799929698764118,209.53659795053977,rice
78.74990969680422,59.85164438127178,36.28205885593718,22.35549996541936,83.01153095915596,6.737754076194128,236.2856513890165,rice
93.28960590436989,54.85435186053221,44.20910033445031,25.108233002648188,93.63826550173043,6.3179353244535825,185.91194269833716,rice
96.04254361517141,44.338404552345395,40.539402221715164,26.619101369721054,73.98870229470538,5.8993411143575445,195.96805157202866,rice
72.05863709974577,51.517092848135945,42.62093921406385,24.55254835865711,74.93617058053817,5.4759586253469426,237.35883963475956,rice
75.28223966361664,51.67508617373289,43.50976813110635,24.276482864117362,85.80066542687926,6.491684549646028,249.25161764003667,rice
72.95326737130118,46.56310868934833,40.983880483284786,25.641056950834837,80.03129413887714,6.608466902292846,229.35403020211552,rice
78.8245783267187,54.63615233619258,30.03469814472922,21.407055343850477,74.58907301278589,5.466553552060678,219.0433889961206,rice
87.49433899727741,45.7209274689394,40.98895040970926,26.178434993421586,88.63843066133846,6.372344826109544,269.8396472392349,rice
80.9212665843411,41.300814209380306,37.02799823900632,21.038926974869966,77.55933073133174,6.2567933247702285,256.08962548446505,rice
97.20769831165984,36.94254787698368,41.9641373412996,21.918912121684933,84.37348544231601,6.34756533972491,190.22735435381173,rice
89.28296991568484,43.159994297530154,37.330498808132226,21.86049517742062,78.72858361656222,6.5711561762779676,231.26889147658986,rice
83.2866200228248,50.89537483143075,46.603308277640835,23.314427698271242,74.61571091577134,6.826888966628793,227.71279569756862,rice
91.14592444577377,51.06701690545977,39.34431234898327,24.69755178809259,91.75506280063149,7.230792211621502,237.73452837831948,rice
81.60190593317076,56.60992125973108,35.77169483616326,24.66614074523651,81.87068576023071,6.525563284583022,215.16577985126486,rice
64.1043250669103,31.416132512069666,34.41307943505196,23.082649430121332,80.53404206675619,7.174892464971807,263.64983424768246,rice
70.37908883658373,50.78166761960765,37.96460881824837,23.43127232391981,82.9266282470769,6.647668446790158,227.51853790289962,rice
90.63851532734358,38.86449419086077,40.03169531181134,29.195347453191665,83.11539871312638,6.9732858026424696,238.2880044543302,rice
85.80777095329796,47.54573444485847,39.14796209417898,22.44103520654916,84.15150679478776,6.0593851243256935,252.63963090783574,rice
90.8528700444591,50.93225125789784,38.56875633222154,24.90793115861739,80.45663472226794,6.77421885018606,190.21484789462193,rice
76.64392631881354,32.073504039008014,32.52469584886398,26.72772445962782,86.47592490985843,6.112207906686084,198.43741359897757,rice
50.35471162158349,43.65203593653892,52.10207506123702,24.869768542927297,79.20213856975255,6.586032083800123,196.97604117513893,rice
77.02676637302365,48.79581978412591,39.569496740894756,25.58161224338016,83.72322613118027,6.667330407243199,218.790692944231,rice
88.97815408410548,61.03149558099193,35.149252401742935,22.224608688570882,88.67892168160117,6.323462405321976,271.0955348016639,rice
75.57464288107816,59.64036461016569,40.657429084027264,24.51645764664539,89.82359010834952,6.2552918090223315,212.47194760187605,rice
75.51435791971646,51.61867160514511,32.171204639097425,25.274941805302245,79.30614341191128,6.859125064293425,176.1434923774882,rice
72.13434224895832,34.50825479012718,35.86885266818024,24.495331802217887,81.10386687275123,6.298648972420795,232.02037821549848,rice
82.03388240619944,39.931711664455136,43.534248204495256,25.32533194077097,83.92518968828051,6.622613377100506,243.4104500202165,rice
100.35073302731067,47.303246631579924,38.464583908327114,22.492944839285244,76.83868664711082,5.90221128495957,213.78006716922704,rice
79.29319618347928,50.67436102798172,40.25571029276081,22.468929445140574,86.50092282009982,6.695765068920379,232.00879231444958,rice
73.47083855335288,52.387423366638394,40.93986793743052,21.103745481169906,81.66009872007797,6.504814324829753,213.50763033780615,rice
81.89843392837443,36.36142011793768,46.68093050006085,26.495899970118863,80.73741332848518,6.54538173513563,175.75195085500312,rice
68.43652339734668,45.64976863878296,34.639334892865705,25.428792965261316,91.98648265373997,5.92935411222828,215.0634148978702,rice
82.3544836830993,60.888929187996965,33.88812843730048,24.498072244613883,91.10649425406554,5.739296340728293,203.9732698288542,rice
75.76393393539162,43.83529269715671,44.06300643876823,24.483319439641676,73.12518970178935,6.606164161160325,221.56152781610874,rice
92.74447216941239,42.97929970850464,36.81692358448882,25.08226322160906,85.81463241168468,6.5792397455744815,193.86006706537978,rice
85.3803443992825,39.725535586604806,41.176380557941314,21.15253112920188,84.23161073771531,6.077360438277052,203.93413374348697,rice
87.138201364824,49.93315617341401,36.930115993035514,26.902357698042128,79.79673789215128,6.412843069588374,242.72283619196503,rice
73.80334065871386,51.76909034719944,37.33273826417638,23.17672335556758,88.8132131990167,5.983765578995027,175.68049172676274,rice
96.10936995011895,68.39462362085602,37.97365367275334,20.12632391875963,80.44758011902029,6.285510820063733,231.25190397444356,rice
68.86611958078151,52.63648913981182,42.62253687643043,21.011188760361385,85.49598365847444,7.221073992778357,240.2990083109265,rice
76.62674837931493,46.86397428473983,43.076283834842805,20.538656788985563,82.82195351488652,6.243814420214877,282.19562532390114,rice
78.25827266195041,61.34310088895616,34.481296511089965,25.174518333605583,83.59700131895615,6.052381100854087,240.4349028659235,rice
92.125188368316,45.409666365707196,31.540186754151186,23.964874347045107,77.48788452603743,6.263063624534447,233.96030575787196,rice
62.94347783984483,35.074733285434576,42.410334177627625,22.95456260766064,69.17627829089716,6.713937614643254,242.809243881856,rice
72.86125175963517,37.46535831153407,44.179039481571685,24.69870124512086,93.91301141342036,6.568075439489975,245.69257853155037,rice
78.33072069891435,54.53420693760633,43.125426006240765,26.50345001713039,79.39338540681358,6.225837010822415,224.02242072720048,rice
87.9080172117899,59.98699552237386,37.7057975342535,23.150452544413817,83.570386119349,6.3016953999948395,259.80134132849724,rice
57.482227093809534,41.38635962466484,36.08791833019277,19.35928797522771,77.18180777815599,6.03393755366163,230.97238363702925,rice
113.35559069992317,43.52963609285579,34.84593139864423,19.886090917572943,61.295041728648094,6.4096164735540375,50.894251160785515,wheat
106.70258751129069,43.670783305615196,43.23742345354737,19.972706416409405,59.2099818885374,6.385968754383743,59.879153492117325,wheat
97.47171982764212,37.70465445537522,32.18261026065656,21.371498070549322,52.89428570669213,6.391087887341068,59.03821063076668,wheat
113.53622628819163,31.315572927768464,32.516806550483366,18.154227116209466,63.767073200321974,6.913034793167719,67.67317240461227,wheat
86.31806897048523,38.28278474837684,42.23906858361355,20.116548661870894,58.29243291318476,6.724931603628619,62.78143726454627,wheat
101.89742901886132,49.66660433450955,44.03504140972235,16.76025601121646,41.51638866795487,7.200698159060603,71.87725093261936,wheat
87.75252376583995,33.84098756072623,40.49517410503601,21.861676452701058,65.78556713460588,7.0065190288405805,56.28283303414305,wheat
89.28243254098165,45.068707750023925,38.503676480573716,17.969864188542367,67.29253390517972,7.514067360828852,71.36048683555428,wheat
88.94979522629046,50.13011594578367,43.19813204748951,20.885091248408106,62.497991602262665,7.05414845714451,67.40014236304336,wheat
107.64287540046652,47.04474844801263,31.081944351429083,20.167242154821114,51.66284824690525,6.288063616943992,76.81816619300824,wheat
120.74794409062844,53.155323601773674,41.276067084279376,22.701250241905313,55.07231908361096,6.8811189107591115,49.06528629538017,wheat
104.76389565398608,45.3623155705465,33.48673941582768,19.897605776366806,54.52162261685915,7.519024466657855,68.94213328513409,wheat
100.1373452690976,46.4927238588065,40.22106189052099,19.594172030408906,48.50543681567028,6.739579248957228,52.53901743347487,wheat
84.99621353292224,48.06733088728521,41.956323299666174,16.426584977263843,54.263892175029234,7.198280554359969,70.59223738896321,wheat
112.31004211462286,45.23347924140876,35.77477336015424,17.832602345283878,57.067629428502144,6.951712013746065,72.87331111605066,wheat
113.199755804105,44.20662806081297,33.778970605695655,19.361786805978205,56.303387168863146,6.719166701844238,54.22105891922344,wheat
103.0346177796388,41.97625355153634,36.85966958137313,20.62290566860688,52.58804451922477,6.897641755591341,62.73204022852123,wheat
86.3268519869011,42.11255325680753,47.18888469958231,17.675840974531425,42.30007330617681,6.055261938702995,60.29109946576669,wheat
100.37100733639238,44.29433486744927,46.07094914464251,14.654331133794123,57.375603246584944,7.424575280721429,48.72219235108286,wheat
95.44232185852125,40.48264849662827,35.52826976961236,19.34747598995392,63.564911702107025,7.534954670195008,56.64060774959852,wheat
122.86072256877364,45.213458861907746,48.768455133505405,19.81340270069302,55.786346956276866,6.946189789057134,91.78853679367535,wheat
110.21542689813747,40.75641282029122,44.84498935137929,19.276334925831318,52.061498902592746,7.1634405439568445,60.310855877711525,wheat
103.34291097414167,45.08391133119176,41.68291563302717,20.849931794872298,43.378198403767506,7.066629067443813,50.17980580169699,wheat
82.69241037328706,44.64953253684791,40.41990501657227,18.61298767085544,59.98619114600785,6.263129933451637,55.93056251227441,wheat
92.981510380804,44.72047637796396,41.39432142323619,17.98421410075291,59.34569606473737,6.8252009473338795,41.0805374668809,wheat
76.49690271523562,44.92608424242413,38.89516341106823,19.793159772850732,54.83210526081869,6.890223935804072,69.476496098483,wheat
86.6667411889893,37.96817044259523,34.53338071056309,20.577833334337413,62.46968427187868,6.6274642247041955,34.98300155840346,wheat
79.5520856486755,40.00177966322393,37.21135556252393,19.183222745490546,55.231486737885504,6.675301467671021,70.49339610543407,wheat
91.88779233182358,39.82609224314674,42.394377692602305,16.92871586014776,57.33815023192001,6.841021273490506,58.52557510081832,wheat
119.05931328579115,41.266755328231696,50.30149085262039,19.549137101543803,47.33790133017863,6.82796783239793,49.23754799681232,wheat
90.978929826238,47.38219980009295,42.777910443250626,18.755664599491485,60.92443087027841,7.263003103208454,74.3630175656329,wheat
106.35296088550867,53.18057227251419,30.59600786012971,19.364186902743075,49.797968462059444,6.847690344450957,54.28550780803263,wheat
98.00610589660322,56.2930492812243,39.15140101789811,20.82758463438043,53.60638402045459,6.830285315182733,60.06016680436071,wheat
105.37988879167791,51.991845213283064,48.23696998801665,20.619240163818333,58.537281316213615,6.339654196325773,59.12123257584379,wheat
111.28347357860306,50.19581183050292,41.05804866397525,21.772787919135904,57.94460025396291,7.280122503303728,62.893591569571115,wheat
95.73162021314758,47.01504754159814,25.34702812073612,20.765771472770098,33.109523048711296,6.110614637037832,64.51768600940984,wheat
105.73035204720155,38.025427319160414,36.43948979060531,22.741081977228262,52.095819210563945,7.697168124961194,59.980801468236535,wheat
104.8964341225752,54.70124639099164,40.6551355809671,17.995312038618398,54.34163528983426,6.785755705523964,46.352583477984346,wheat
96.93001514391013,40.54684743601538,44.62178878593717,20.06922374837051,53.30322550511458,6.75752722775097,62.23122018406166,wheat
107.40177039627736,39.001726627983714,34.79206183689364,22.20935843080506,52.525978766771615,6.23326316296125,64.43812709383104,wheat
105.56043767239224,35.81570845645976,41.14740857731803,21.47116618485675,57.24631871023758,7.052792593504558,45.957309019092506,wheat
103.97248185995434,43.18428144317732,37.58604920637678,21.741111218839453,63.87564706404538,7.517748021840143,73.14807871505906,wheat
98.68318982043779,47.11632097815806,43.83411435892122,20.242355898598923,55.78458512746926,7.129501252750472,59.407173539740675,wheat
91.24855676351606,42.51316160498485,43.169551888668714,20.005986582399913,57.04125986121003,7.068031696880876,56.25158537102391,wheat
109.07497796355767,47.27305562075037,33.82593456544261,22.884609582372487,51.995531537458504,6.137961862725926,49.54956290413698,wheat
87.74745807186014,45.313039911945204,38.630747472268816,19.326336064718813,58.71821179289488,6.935950144477081,63.16047870644286,wheat
104.91794148794432,48.69680800801343,29.460233291112786,19.271123495471077,41.91873961306315,6.814423970719118,59.953670277756544,wheat
112.54638729747616,52.12580635632673,41.013875241261836,18.9992778452062,57.91096667527443,6.5888329450702745,59.986073485566514,wheat
111.8336358035292,41.65337192406346,44.028393196212505,21.354802737384606,49.27124909721507,7.18955765128696,66.98566345371505,wheat
101.22311064847189,40.42605925183409,35.70396990712215,18.924674846193955,58.25556677975176,6.417749933039441,64.3751224861987,wheat
85.09893365345928,43.775588493366904,40.54823877287004,24.890260290117833,46.736106066877795,7.3888058265960534,61.4984241398728,wheat
104.93406301619156,45.71008748032923,42.22363409097616,19.692629791275966,63.72430108874475,6.617411542310111,71.32234572179247,wheat
92.26759455744373,44.63848892159228,34.640187238548904,20.91004744069504,63.670755741559205,6.7690575280716585,58.031143012960904,wheat
86.62459644318488,43.624244078686154,32.03602870139236,18.174244026562345,56.36071627665481,7.3276052790965585,88.09210861229502,wheat
92.96097897914919,53.61180093987264,41.21876240200824,19.69750470650725,57.59556671035691,6.824766593471984,61.103957256122186,wheat
95.10000204607996,36.611342041206896,32.281873987389595,21.306489766562454,53.33979945948572,6.561564440137533,60.085056267231536,wheat
109.53918703498753,46.08218365815839,36.71972531679516,22.4525859112979,64.4751130178898,6.997822662129141,69.7366351134409,wheat
114.90351996176574,51.78059589842708,43.07049588556312,21.196694094149766,58.117963440079016,6.361064930181183,67.00723156859586,wheat
83.73023234648136,40.23240326924967,46.517825339040435,21.680440325388396,63.924389738115174,6.691330246525083,48.47751158723233,wheat
97.11475363515589,45.612187783443446,40.39494358170005,22.267360957513404,52.832377449979326,6.94081378872117,50.11372850565394,wheat
105.40380733652576,45.01865130111382,36.250933308577416,19.528341275650295,53.89494552090867,6.691937948265162,77.71341242267684,wheat
98.81864797230544,43.536623338935975,29.51274521194929,18.211585296041044,53.421559453261885,6.525658929529342,73.81707593377797,wheat
98.02074669524538,52.73066549590951,40.30852317025184,20.074455672843154,54.46722131372499,6.801518500648584,77.1879500304986,wheat
72.16467127898538,32.99072553336793,37.28414584471943,20.02905576387514,59.14062654858407,6.98923487921099,56.1575408711943,wheat
112.22852431890115,51.18117241891639,40.920289156357825,21.925315144973684,56.63587158059277,6.575406789286847,66.97816839000005,wheat
101.32735747094414,45.00803908052692,47.36476786094787,15.098255742919827,46.49389497904258,6.325171829450252,56.36739352431194,wheat
96.94470196280764,35.956046113361715,35.07420983844587,18.27831664295286,69.74454455245535,7.520696779098858,55.88250582315351,wheat
95.63700051631841,38.10477601687023,30.459347933873666,19.76623962718295,49.01288810053585,6.7660597873351955,43.99794150956522,wheat
90.8563065002769,45.89176257181698,41.831047988919686,20.83494391748403,47.07706609505777,7.141874292054225,51.997883033981495,wheat
107.59429497528768,44.936167940290844,33.11806250461026,19.367604590837622,57.1921824523826,7.04518615218984,58.59012102555582,wheat
118.38134668721264,51.04506462591935,38.716729418001236,21.50024362427389,66.60276091112912,7.584193840313211,47.720001191775026,wheat
88.88160266611419,53.90951272040311,34.708594745811816,17.35491773341664,52.082835215805716,6.968090683789834,58.97603293388904,wheat
92.1932365551329,40.954725229652944,36.438314677936454,18.240980742682115,68.68979726365637,6.919004428474222,68.86759054404739,wheat
94.13107038257291,43.88425993688371,36.43223009314823,14.696583330161596,46.731944338912804,6.0757525280078415,37.502162220483925,wheat
85.65569230842277,52.949734076289786,39.77781916147823,22.581127524642348,57.46589546140525,7.113023530286063,50.99103004695425,wheat
106.28741145031205,49.372285404446075,37.116763538831535,21.11908074123233,58.397126551449,6.580178951547967,48.77231567729005,wheat
85.79046001722074,45.51903325152877,41.63504934394658,18.41494833908417,55.15951204795659,7.028214814455394,66.181907146653,wheat
118.62256144146986,52.66188499318826,34.99354283621728,23.367172419076045,51.81414097266571,7.217949124981771,60.67986626051089,wheat
95.05420745851639,34.1538188413504,39.14217744891826,16.881233529388783,60.80379541505663,7.406717062855699,52.030890107033095,wheat
103.62364891023125,40.64765086795215,36.857576349316055,21.548989407730744,54.768770428939526,7.495859216772405,55.17767521297079,wheat
111.99203598969387,45.584480477746695,43.97889004872117,19.10568468534011,54.7026469746905,6.753800448280426,51.63942885154213,wheat
107.94497841498104,48.901494033470186,42.96777347452783,23.073931307835288,63.69606880741782,6.650022124060346,63.730523184341784,wheat
92.51679172890145,45.140131896687336,37.00125275440568,23.2401406182721,57.182188902057774,6.712788348758231,71.93618571856376,wheat
73.95261508245505,32.91538443080826,43.97919327609887,20.120936896234735,56.502677801564566,6.269441558672581,59.767662891496336,wheat
124.04211292481611,49.94519771877518,40.84853272571406,19.121892179790123,52.63256288878364,5.948320844319992,62.5764042092116,wheat
110.14579730178225,35.54628403697631,36.69291553846592,17.685070735533156,49.20789283114742,6.82139265072876,39.155978450115256,wheat
107.37124526028477,49.5231304196021,38.74448705981544,15.038582980030917,49.021488243985665,7.293160773641079,32.22005719271428,wheat
95.82971905367776,37.919995329196446,44.02285150792418,18.64977209571308,57.42372412441367,7.026184167667637,78.3622583973002,wheat
97.56469667589556,47.25626621773567,32.57472260436282,22.380827126587487,50.43694691157181,6.575698334364901,59.777522051507894,wheat
81.2453878559218,46.37262017357363,44.83733136462505,20.585867646994583,45.46661461492765,6.750476282268136,67.4202890297949,wheat
77.46413480840911,38.551403917093715,44.3827180204076,20.540190868394575,57.47182949276052,7.543797923049325,64.68552778506202,wheat
107.89465612519815,61.26447316330996,38.93097720954755,18.404234472763008,57.5667783894828,6.975596411755558,54.73284608053792,wheat
87.61123576534183,58.85906653254047,41.634217351940116,18.53542923719585,60.49558181367759,6.756341939375466,57.471185536821686,wheat
106.74727446297392,37.24870639060986,41.763136019585865,23.825909615463505,57.79706597318386,6.649515158486614,54.92894719571758,wheat
95.07592031985868,43.476223931713314,38.11096733620864,21.832622882149135,44.600745380746105,7.144800020164854,56.203134748574385,wheat
104.52337342834447,38.23807253879482,46.64315533424718,22.491269920343747,60.75754315450044,6.194098089682584,68.29121071066052,wheat
104.8582610516285,35.36837251720459,39.878513081145925,20.729068978066525,58.336451642938904,6.870904546779542,62.9123141684738,wheat
117.68333670703714,52.356203459464076,25.664725231086283,19.365122890324635,54.01209383473629,6.099160570909211,60.94183058232312,wheat
114.98509326892608,38.48059284245646,41.682004693449365,18.168353045407123,50.96852785792194,7.390957453668014,54.57442179888175,wheat
105.5465498681275,33.772691303634076,49.3115878069744,21.205304892612997,53.90500094409843,7.030218603999958,45.9018057105219,wheat
89.82530741752657,45.40812179602856,19.18372193980626,20.525033155103547,60.35478877803532,6.5473353058142045,68.07088220125067,maize
84.5174814140304,47.929642484115426,22.052799244308723,20.743453768224885,82.8378547312764,5.416034791784751,80.13124788275582,maize
91.6790745072097,41.18272955227525,28.917094442223892,24.986470848835953,72.76911205458329,6.214011093512939,62.393286101375885,maize
75.90591172960391,51.12424477055614,25.604745100135585,22.54394265358426,57.70845101490168,6.61221353119249,76.05380895673751,maize
84.54659528447786,53.96399125219986,18.91628747936877,19.21303249860826,58.05445255487376,5.382268375771071,67.84338333855139,maize
77.16551216773406,44.48009836376233,8.17752470261972,18.258047590917492,73.96672521122534,5.867686999968434,69.32710013188209,maize
64.09314570024743,59.50964385887385,19.423889359781295,22.870121189450607,83.60623833505348,6.9582200502947025,61.32121254455531,maize
72.06779815129642,45.395639907843744,22.039592993906144,21.684327597247385,61.83804683997223,6.933590625354522,63.62948129866596,maize
100.99589093037319,48.72594051001738,27.14127357689891,23.07195826813188,72.70368458599559,5.837694474241138,54.75488932895106,maize
82.59705955014988,55.90842593972252,20.16102600800185,18.14081999474891,54.117933069685385,5.48643179890688,43.78853464472743,maize
79.09485359447088,57.0003513736642,19.946336852300764,15.218755727986442,63.473916317323614,6.118600501683696,90.15198500270527,maize
63.42862087080444,44.874579179206435,26.823410722178256,23.349935024039645,69.50650458813139,6.257292218511939,68.95932246388718,maize
85.77609530278536,41.52410944885787,23.5122343156328,17.88099094934338,67.6269437826523,6.2893704816431635,57.604482941694705,maize
77.77314724674353,43.019678778675576,15.713194692553023,20.939155775159065,56.16809091702671,6.3613987320466245,51.19897407017164,maize
85.11977022991051,38.54816745656944,17.734820337675973,20.12618977535446,75.6011738309987,6.365144972808296,62.45919436946727,maize
82.98719441069723,31.142461221362495,19.82746564143637,27.992542533414287,66.05877205122138,6.233956584584668,71.57754055570635,maize
86.95605243314346,32.020266456881124,13.270694072835893,22.63087387325844,59.28098750481992,6.856012631109957,61.21790732137731,maize
58.654692642868824,37.855888665248024,9.001295921477698,21.297623388151262,63.492926981884935,5.9877686451090515,77.94654846835687,maize
89.98519836516694,46.63689261315111,11.461225330092576,23.851844741476775,69.44288182806861,6.354695785078473,76.77775699169739,maize
66.3517190353896,64.07004308948112,16.16228898743253,24.247668781602563,51.50121844469319,5.734867656364974,83.19642376070404,maize
75.3910017699915,54.71938084106238,20.947821554876985,21.685125531999482,75.91080259946152,6.08167058767405,43.631142709238354,maize
69.96759908048296,52.40953382961355,21.58203642545003,17.298825249293685,59.20525984473439,5.909139325398877,60.6143648706293,maize
64.24086411398449,42.973031135044174,17.08555805896189,24.314599779285757,71.47297048792196,6.127094770955592,60.29552244955122,maize
79.39924312039113,41.4673991403554,15.412671671330237,19.17933637322285,59.92149468822835,5.6182631001038645,66.9447147087545,maize
85.29715673783708,35.30321359361407,20.100514844864133,21.340192614200994,67.73206948429443,6.193530615948206,47.55680864082043,maize
65.37610701142835,48.235388604679784,24.115123678982037,15.357437886870992,67.76581263841264,6.794811002643822,63.163689485525445,maize
83.50202496026441,42.37544735281758,19.52253520289249,17.137259445075546,46.24525353264901,6.671382900612638,53.18006086730669,maize
73.44472154996569,36.908461973838456,14.360121187664497,21.478486899716152,59.16338244691483,6.388985498997349,70.4304610277551,maize
81.20849646324608,49.90880632742755,26.311072819727546,18.797218692865343,64.56052107037665,6.766344910259795,80.17447771205644,maize
63.78236350655427,45.50115646675304,25.432484383469042,23.524237315597198,66.56210425183818,6.0911576532826714,60.394388891507056,maize
80.88219063090324,45.98100700012413,19.829685515822224,22.235796118345114,59.57542777205201,6.46606468694072,99.97093578098503,maize
60.230133606739244,50.59210019351984,16.959239645524377,23.73220773255775,65.37245978662288,6.580927387021232,79.10607891810535,maize
79.92421117768181,57.05641830731342,10.62280842484529,26.77135689374807,68.00049721513872,6.738921677872591,50.361491061901745,maize
69.69230118394664,49.167506353158196,19.931848442650146,22.849205764029968,73.67612128743973,5.317389842348575,76.68582886060771,maize
78.08281909957927,46.36974511100362,14.115539062460439,23.509146005130596,45.6871371917517,6.524197005619357,47.094729974324096,maize
78.53457912617473,47.04664930137664,24.678152589175536,21.46403449295833,59.446891510834675,5.9466986520143985,80.27459322505597,maize
83.36296969180894,44.91496014781471,19.054214320141945,17.29846872824366,68.10779360681232,5.320092146152267,74.02155759002548,maize
79.28621592491265,67.09561439659137,15.599457785102777,21.692013726878102,79.3863016073845,6.795694820145707,56.6454553810412,maize
80.23967428373447,48.0159948513207,21.12782346957663,19.90395869204551,64.28543677839413,5.400973812361643,66.62148142241699,maize
82.50020673421832,46.18064469884893,13.539796437660849,24.965595588554386,67.91620030394242,5.836992451149512,61.632794637943235,maize
62.993305972181616,39.79671897777676,17.84875461457144,25.685262436840453,59.883972872900195,6.520106829664379,58.54020556566104,maize
80.47947560851875,46.86883598284958,23.492226400370974,20.395565985344327,52.41977399998047,5.509025484318184,58.61747007268691,maize
65.50940029321947,51.28169612543641,18.136927340567688,29.123819650079295,51.098283238902944,6.3018165893549005,51.46456371793197,maize
73.06598659617322,49.131355786724356,10.698514500502853,22.71047835036408,80.22325969819335,5.973280850815704,68.11769428166612,maize
88.249216931254,46.688371999784025,17.676159245874068,15.172790788834742,70.1279257551598,6.143415795135551,52.847793783342055,maize
79.26596710277694,43.33055714555055,17.8862954755379,23.818873468326125,54.292940709409244,6.723657643036879,48.227766042579155,maize
71.37298591644736,63.38356955253262,24.50941904656969,22.29281197748632,57.475758275990266,5.935363846650054,65.87930377502836,maize
78.37523232339598,47.2730325629923,19.876669943663263,21.356874670884658,53.4641701148799,5.941744628919584,75.97548864784216,maize
64.31665702448882,46.48355590768577,16.720984284916625,22.334051288194335,61.890934551465456,6.938696832487334,71.07899785028305,maize
64.88196834222788,53.36982409290959,16.90139257495175,20.2690108858674,67.51055216085697,5.9541262901349326,75.71426979587547,maize
70.25489938486605,43.048427579269095,17.374516425807563,20.30308375493488,73.7935324443825,6.514398146805152,85.51932744814485,maize
100.67644203899255,39.754263744541284,20.281676509309154,18.4713990500697,58.779152578013864,5.884958744872166,52.314141510340704,maize
67.48112727101586,46.84572497183796,15.133126326454372,24.526380877412898,57.657971700659886,7.604784485048196,59.58338658842726,maize
78.72017641917053,37.63727052427172,26.82436703251056,25.358502042408748,67.3753269658889,5.526598725610217,67.52800253269544,maize
66.78568953982744,59.69884210778689,23.23677892741269,22.28631711546321,45.508994694021425,5.708292010670485,73.25313357919848,maize
90.12883691723155,56.873358491937054,13.631947991034178,22.90465692043871,73.12412173186344,5.370832217208878,64.90514581552117,maize
80.73842398308456,45.59388332122612,12.591352578395194,21.022905669778815,62.38155655795981,6.125963797726123,58.23834289489916,maize
73.56987846758533,47.68234974122418,21.769818419878845,21.08671971143,61.722808573055985,6.246177019127229,41.949008889257826,maize
82.77035127226458,47.99549522301633,20.158774106390247,24.882202922783392,49.377475759614015,5.213083065070518,68.28564614388223,maize
77.92883144871485,49.36141554553546,18.151491699310217,23.993061022719793,72.46111074392896,6.441991146975764,61.870058499145,maize
56.92310612385597,54.153889664297026,24.88691466487037,23.93367523595194,57.96286058105995,6.536897196833879,75.32635649553734,maize
93.58816247799086,40.99112060617634,19.094181661823445,24.241816153430364,65.45928057150526,5.641336198974363,69.97539542032044,maize
83.78661633815167,48.70370317064802,20.87833970871978,21.22388229494281,76.82623148572847,5.749653908143662,57.952150846834655,maize
78.10985513527525,55.03163222160714,14.010507319621853,18.06910975070368,48.69817193812226,6.2163476126266355,51.580330193521476,maize
74.15449889982084,53.29102551913366,17.433829116868615,22.693846068230094,62.60529673798622,6.5360571575482185,70.7015368081761,maize
71.0806630382539,46.65078597279638,24.174973590881976,23.18013061076229,53.82430353799095,6.527809030585692,51.98467253076514,maize
92.12513069961005,56.1927907187282,21.159541903673603,22.47169853030858,63.32774195178064,6.539261975700014,60.55066196645526,maize
80.35569870639894,54.975474932155606,17.75277382589764,20.151421780027917,55.44507615420433,5.667763626936914,43.05925626270197,maize
85.2982878901553,62.47131633666217,25.701315773881223,17.12174653412045,70.7988373724496,6.911053174961778,59.51828023113603,maize
79.01447430650049,31.936855593562637,21.066944671906565,18.809320811695848,66.59708014329212,5.41939853890556,71.51429869373115,maize
88.24512675426689,41.73456110627866,15.452309674358261,15.531930872350056,62.868691727398584,5.909203032859198,46.387767051823346,maize
82.53018756312171,44.40023694508281,15.69705616541907,20.33628278307866,73.57043631143692,6.501468471877612,63.439687262018126,maize
84.19105018464853,38.71270434890609,20.129480402908122,22.441966991459413,61.24130793201019,6.417729167978709,55.63479854426659,maize
83.09820707776117,52.41487017225033,8.331360477211735,25.570917110530353,40.61893947717797,5.891975487221938,77.30417641109307,maize
74.82713274747559,36.27051214024367,15.625051753133317,25.08071723896186,49.62796375561089,6.7644955504810085,64.33877481149253,maize
66.07604669557567,43.33507942157847,15.931102635593435,24.598675602575586,70.8594224781027,5.340419433061977,60.15689457776799,maize
69.36814337655723,58.34807974767496,14.599603527494317,26.81268731405504,64.7336420838645,5.6190327968099565,56.87270979188867,maize
69.98381159231549,37.803052783875955,20.379307438921504,18.31625334792447,47.55707033009449,6.010161764575914,43.36572564298541,maize
70.4783913193248,40.72717689117315,16.515135711896743,28.002889304770463,65.45129253735657,6.322685504497667,43.683220443892466,maize
71.46036866363077,49.722421039532094,15.901884348347973,24.724188530553956,55.37842731279176,6.056816932067412,57.967380320293294,maize
79.64320659381916,42.87607942515659,18.91642549171625,21.291609724666042,59.124897940869594,6.442546934248557,67.8606604980491,maize
77.11386054746832,44.556333332304334,23.18617612207999,21.292497268557455,62.5464216973925,6.252345014944063,85.35904019565021,maize
64.59643791978796,54.15885514444284,12.427315355047579,22.651819474685873,77.60066262086984,6.444334262233654,67.04750094247751,maize
72.39550531196925,48.24837760390843,18.991748738386576,19.642070176205934,62.68099507620104,6.29919058031322,55.79339517763232,maize
69.93718179315316,37.1180524992626,21.562900104355585,23.63596978590118,66.85328355389214,6.682585246364333,66.05441164496872,maize
81.92010937365757,50.430699405100505,19.63383992232717,20.407534515611058,82.71322092633528,5.974024510073246,57.00946746655477,maize
82.34009823450107,50.01483532236004,14.380833809558691,25.368034763691217,64.24644339719333,5.64453445239214,79.2654093722465,maize
84.25675571596153,37.883664064416685,27.108731361030898,23.97639210509858,64.91843107499963,6.99510940281089,66.91157340595569,maize
77.71916924895967,42.71759907182409,22.327401757228316,23.42980890197194,65.11744111911769,5.805006823066199,66.55915824999289,maize
77.30201214237862,37.332205450126395,14.112750594703257,23.695460136429308,44.18489347958649,6.30270526348063,59.263003306954104,maize
91.0824660687991,44.052254326768995,22.637936857007585,20.809258476286626,65.90998522788915,6.568418265460026,59.44933140410504,maize
87.96554884498404,40.05041698314813,21.178371370233517,24.76791916836356,70.28029993432268,7.158222438367705,55.83872819227207,maize
64.20850748651412,40.04531913203905,22.64177026619375,23.493768802808134,65.81805327717933,5.638521475446435,74.20240751994874,maize
65.75295222349459,57.2715966590152,31.42975369255946,23.09935343971465,69.66486508526195,5.95357011555222,43.277440146958206,maize
71.97280636969778,39.256838071210005,14.211981694339936,27.167079825986946,67.18290014420619,6.389843790306992,61.291731617645006,maize
76.27128917556564,55.71640545791467,19.870651525219138,23.5920818140742,63.431965617239875,6.028923554633977,48.117030012777654,maize
58.222509376328716,45.90750479146879,20.22598676797293,18.141609889873628,64.72420107972293,6.226876281495251,39.12790392728745,maize
68.84875340520499,51.258111149883746,21.548234917582974,18.538975250800718,66.26758440399787,6.711203612680237,74.32487550789078,maize
77.04714212986066,44.256189493405664,17.48262206266198,23.403459348728973,66.56083178514311,6.5147020030511005,66.58248575745382,maize
86.18763950347441,48.7567402636616,23.138754864526746,24.612468311099917,58.56378695820149,5.295927976564627,83.52191427217464,maize
41.53995238427357,55.99859873152715,75.71708301668774,20.543748584739657,16.160969506601322,7.095175432272349,94.00881860312967,chickpea
33.71627712169714,62.412926495716164,81.2683188502896,19.780909864107766,18.489029103022194,7.664495217827579,81.98578620681516,chickpea
42.93630363363045,66.18553518479442,80.37618981942029,19.215068360107267,17.645294407457108,7.6090159230331045,85.5514568194483,chickpea
40.2653020174011,62.33611810541272,80.40602754837626,18.943964430208514,17.579544739439594,8.182610122856161,74.76227221458765,chickpea
42.53373411475216,75.47923447071008,80.5880114845963,23.67569023834433,15.86588212480557,7.429635688928019,72.01194255107018,chickpea
37.89085158914024,69.74253737277661,85.07782437384638,19.638189668047147,20.77734454800421,7.262013875762931,76.67831470160995,chickpea
56.22391064367632,70.75966354609422,75.68311072412871,17.611472475503863,14.171960256405978,7.674627742342715,76.35622707106758,chickpea
40.76417485393891,67.55543927893211,84.3889544476456,17.30651181423196,13.773283141570953,7.389718922872637,86.00959284699897,chickpea
41.995193878585845,62.333823896318705,84.06490905254836,17.512278145808732,15.43538406564085,6.9224185901111985,93.01158348652031,chickpea
43.800529246164096,72.23495362975211,87.4832685268547,24.62529849647745,11.872321688269533,7.004649367649156,73.83824915825477,chickpea
34.89508226570384,60.45691726677401,78.20208161566781,16.56679256942119,18.00512710261224,7.320679328571446,84.81028664763656,chickpea
43.04637070982952,72.22104797398674,77.7595463790567,23.242286805267334,17.703293349446295,6.555006098950082,69.97624254233783,chickpea
29.556982065833104,68.12134240405915,79.26916865568,18.063148604201086,23.03277833720154,7.519593149630764,87.26098361446334,chickpea
34.41355907234738,61.00598576068291,80.22083299458173,19.346014279304452,11.431065298656629,7.227877190860186,80.14072082873504,chickpea
38.709105005373225,62.30626711357326,76.76278890847315,18.64628161285441,17.272400070830145,7.541916633020227,90.80856204950871,chickpea
38.2339136588365,64.80690662719249,82.62593404120584,20.22168983282171,15.697398700223344,7.616157390786468,89.79585341155973,chickpea
47.75011879395204,80.44824634703876,74.80150316804337,19.027796418665023,17.03383308985598,7.260770572586996,73.50737080389864,chickpea
31.08662798061357,68.64875612220303,75.38986604271253,19.17198696149525,14.617869374903439,6.860136661662263,82.34298360376897,chickpea
40.905529160838974,72.05497379924653,93.11518259850575,19.554579062421695,18.455245301192388,6.86897546845307,67.13092559463625,chickpea
49.49697668064,61.53564154046688,73.73633557118815,18.921802157566894,16.729422759867834,6.938997397422683,76.950267812869,chickpea
47.37625430590062,62.35804473817742,71.63796509380298,20.885187241799585,18.47689073581411,7.051792551740535,64.17832983873082,chickpea
35.53225986136862,67.6170689420551,86.9940325393029,16.926836050260686,16.74644035546558,7.570057863957959,56.18732659878079,chickpea
46.202717007633396,59.72284599455494,81.9919729607416,19.49336629922149,20.253759174391533,7.520369752357416,56.22709508270019,chickpea
35.291324517064055,68.96743590547295,78.83012068328128,19.95522145951354,19.368099667009115,7.543380694571871,77.85725057445535,chickpea
28.92197793327712,64.81163125801628,82.49820888883373,16.819105494899045,18.89382419036473,7.663357318906922,81.26866976295842,chickpea
21.617320802125626,59.05338146101738,91.31713495133648,17.906924413943244,11.047570330613013,7.794098955324109,80.13355591543673,chickpea
46.629642933746354,69.93871072653556,82.75135481727301,19.726018495429035,19.092464935763,8.21097217942244,89.71006335959189,chickpea
30.51796409292679,71.12663060695232,86.8488846086193,21.405401613072293,15.720185050822701,7.765977778075251,89.27742399551205,chickpea
55.43510462181838,62.74998784626042,76.95559654159744,18.387761903080094,15.529333549883674,6.943991700094559,52.37324494326257,chickpea
37.391803157661194,70.58550641789932,77.04066892696454,22.87076236705822,17.04012743814759,7.816411622073654,82.61420412729969,chickpea
44.95844385935955,69.95469087753493,88.21270779142138,19.1118787002648,18.488362124266356,7.4465331734600175,77.1171454187268,chickpea
42.429893913548064,83.64070372338378,78.37761834742734,19.838929785706497,20.773336852608328,7.756101312377712,80.11716417719366,chickpea
25.69966778225583,71.61691973053927,66.68315444826169,21.93987446188246,17.50842161357978,7.699869607948796,70.97888861818949,chickpea
30.684955160199674,69.82528068898817,79.79837936026316,18.016918347685667,17.25398384219829,8.406974356812905,88.34525547369057,chickpea
46.296991635179914,73.90755824087348,88.87677286311316,18.61985665419851,10.83571607697412,7.224565546797596,88.11735709996502,chickpea
34.18119762930956,66.76543834657468,75.84938154198612,22.00405850368626,19.24837104621969,7.560616248257584,86.2160131312097,chickpea
39.77650448468724,69.38289397769252,72.8888925168061,14.627116042498866,17.450243391035073,7.4295961025088575,92.09264568425377,chickpea
49.428014896494204,78.98998939499262,74.01185844023674,18.295469930100463,18.44100288764414,8.312761871096871,94.80099203713917,chickpea
46.716382971990285,65.28548431115496,74.70080221306925,20.577815766766477,13.69801620729692,7.204625459607879,78.85222050998077,chickpea
49.557472534736846,65.51711887928225,65.36450216856431,20.008889295324938,14.90293444068822,7.317052409775099,79.13295299157876,chickpea
38.35777602509339,73.53238407249293,70.80281072988376,17.96597155009128,19.052113739352144,7.054366089862253,63.91193290730028,chickpea
44.011332059540415,75.86166241309077,79.73002875414196,15.078308803060935,19.11790924009645,6.6360448474321245,83.08799276848166,chickpea
34.675217051547044,59.88112499963124,77.34853989752186,18.63340488714548,15.067375248840655,7.53548131128606,75.53930621541166,chickpea
45.88114523003093,69.96821215950436,75.81465676042215,17.268120232335427,12.057511102857685,7.416293271146729,76.45412452748641,chickpea
25.766826831618914,64.2499958906142,74.59379582447029,22.15135518434132,11.891664164320071,6.723459680106378,91.099696431057,chickpea
48.14057894478378,62.78511942892051,76.20748506314654,20.232470793106625,10.01870060916407,6.555522526197778,77.19266599149289,chickpea
49.29934339677476,64.94988938283282,80.60562075041092,21.267578545128025,23.320654199834436,7.069260610740675,79.83163276266573,chickpea
50.93233132805705,57.344605073660006,86.16548642332293,16.963368935277483,17.30741710130947,7.20295238103989,70.4198839929877,chickpea
34.10138843405035,69.93490054977629,85.9732359689761,18.740527593622993,17.21033947619965,7.528469626516419,70.2838122698704,chickpea
44.43815505047754,73.73540167941823,95.62175779250246,18.247791618880836,15.625754594995618,7.607586348629498,88.19104168912139,chickpea
36.789477079739726,65.17786126148965,83.24678502930824,17.344831518530675,15.768398035954956,7.335837106947373,89.95938684822258,chickpea
36.37240830292276,55.1033087657853,68.50041519489073,16.48117386658773,13.060496845400188,7.238155696552036,68.11119846402394,chickpea
35.78347024107278,62.58139880512565,77.35695283491204,21.645008663046244,18.98584276829155,7.306451766110402,75.38973719419162,chickpea
37.40060406026187,70.29422528966364,83.50501444011374,17.1847649877988,17.109442266842695,6.487352172534789,82.11713784170597,chickpea
44.57289545175212,66.03951961183387,90.89916197684063,17.2375231051279,17.652321245909782,7.285670101333618,78.99702332556592,chickpea
39.314066991971515,68.7497352100663,85.0877524607822,21.75547247254949,16.993249266487528,7.626126428868653,72.98233053733217,chickpea
44.595732716357396,62.66605933321107,86.5439596165288,23.421281754786477,16.633748336085823,6.4229826036770366,74.51927066755177,chickpea
47.39125080573582,71.87153750917672,81.49348159205017,21.017336711909678,18.453360317745265,7.787090074980455,89.19423676646986,chickpea
49.13020271642175,70.51157258734378,85.43155640896373,18.38574585382843,15.195617565322982,7.982707056167589,82.16204676322688,chickpea
44.82928339517427,68.86618010087973,76.48090609448022,19.021965785164802,21.307982053303142,7.522096029711769,62.88526840269541,chickpea
38.70853326054307,80.47605654893299,78.71721882890026,15.399042616531638,22.67914665626763,7.572957003925117,79.29987141187199,chickpea
37.77149358350759,75.57646350854215,76.74809959864284,21.296512849031977,18.626585857172767,7.397872770194939,81.45514805335596,chickpea
38.950191779714935,75.31948084146487,74.807943007389,15.756149746339581,18.843320368677425,7.552495331226859,84.80241152511766,chickpea
42.446370217708235,65.75621735163716,84.72489622631315,18.90888374649092,15.538659317554465,7.17524347509784,100.20639698775832,chickpea
29.590143507727404,71.49851673007059,69.9253374342577,18.783533323354053,15.699117544537437,6.4659886813280485,83.89037590433763,chickpea
37.71977162684682,53.305555602071294,85.03740854464552,21.87001235597787,21.470373026889717,7.443582576260589,80.46058138577115,chickpea
47.96893972537478,79.77668509738069,86.80141221725376,17.1169247955404,17.604034559644766,7.475806457716571,61.90383031082771,chickpea
42.81616395772465,83.91094278185572,83.83961699480474,21.94682616288351,17.548744190386117,7.270712670406471,83.81271390080975,chickpea
35.105040112093405,61.25357368935928,87.59782734301619,21.744684685733038,14.02668105323795,7.687199521821546,79.13040024393979,chickpea
42.03885144694259,71.22153047604544,85.96610280874592,19.16543640372638,21.23048598590581,7.423765135903969,86.24184272469533,chickpea
35.00042445077652,83.11061307493384,82.8189495392298,20.4259948506902,12.175442566365376,6.97091919076836,92.3788368791873,chickpea
41.72134670975563,54.603541856197516,86.22973957390292,17.912434391294553,21.233950957630135,7.26486572855852,82.0470668602053,chickpea
47.07372747154989,61.71754920401737,74.04291915299636,18.607003159203785,19.481518398863667,6.767649098954603,63.31965400110903,chickpea
44.94232556226275,63.779151812030975,77.6466439224783,15.286379196119668,14.963062056944054,7.29697308134754,89.30377857622892,chickpea
35.37261900259217,79.60163284162748,75.8926638549212,17.63381639682965,21.612072655693407,7.384584060945567,74.47975270988424,chickpea
39.06920121291644,77.47151504279441,88.79721691775408,17.366413641459488,16.872698569762676,7.336062731067029,70.13759889483403,chickpea
39.66588968410004,68.0372600231619,86.84125687362041,21.414850056622402,16.012371804922974,7.214418742455675,86.64292302055635,chickpea
36.488869306437934,72.12048106216182,79.47256107578471,17.061202844522757,14.12948986136106,7.878823478412441,78.43578520856701,chickpea
49.842124563389866,64.40454617499563,81.74723120678897,23.78535344603648,13.827839766010163,6.540874200040089,92.86590131287232,chickpea
35.03914536764156,67.85505545125636,76.48449073729049,19.536325561910633,14.148391378442774,7.2280239648466775,84.49815326556535,chickpea
33.95014668235443,63.099411792478776,77.9157029984088,16.142369131547444,15.732317051603761,7.34751861596116,76.00451058411572,chickpea
38.37174104240965,67.8606883036539,76.06553922540611,20.382125131733755,21.307934374405328,7.11424784312182,84.85198231477708,chickpea
38.562297067392116,70.55841141526953,89.39467718721953,20.0173190860362,11.679756383570957,7.481598252578784,92.3286374330901,chickpea
38.67042298001138,74.96944364282483,75.85930675308832,16.028921680955452,17.42350705649792,6.597409311701474,77.60228987106409,chickpea
47.721053575873015,54.631659659776034,72.32301922451661,16.935935509676845,16.81004042086712,7.153713285741516,93.99136381696087,chickpea
45.726089974550185,71.46691062248019,80.87378188606331,19.786459553969653,14.414052934059875,7.642884141422645,68.879557456408,chickpea
45.01226196341339,76.30299751483182,81.26518761252852,18.64757388207605,18.20092972492902,6.155392651959731,83.02258218485461,chickpea
39.31987601296116,67.64560320860106,84.23919507738697,18.850462156870545,13.579379430046526,7.243438931669848,80.67555484080825,chickpea
40.68960346948607,69.13343557099547,86.23621426951132,16.827930893931704,17.52710136849455,7.8159718794472965,62.65388503062805,chickpea
41.077880084680324,63.902350486188695,77.77573769316137,17.190384993571158,16.491347852898667,8.036502245770762,67.35569638822787,chickpea
32.982339985127034,58.88645800885547,90.3645097197686,18.075320588957425,16.923082818956978,7.138886823557504,70.55577121596909,chickpea
38.589096120313386,85.20770524015592,88.35242552584553,17.294124364415456,18.942722309185058,6.96739089093345,62.23632361153779,chickpea
46.117065505987775,76.12064992650485,86.2763135062874,18.060269501560853,16.49967279799404,7.599906221463249,83.91496037348107,chickpea
37.638175172217736,56.66649725917285,80.68325116485207,21.158019278472228,13.40723513289753,7.555503752670391,83.31541695133693,chickpea
44.500889579394,74.10382849803305,75.83320854844789,15.766081199670108,15.399441422951362,7.655650927010803,74.5799609647403,chickpea
35.83574005685415,55.25054760652753,90.51588532730564,20.65142728285062,19.309687943824294,7.68709015471179,85.76708361543402,chickpea
38.53402686892282,66.85365127114459,77.43461381244725,24.26948150883,18.667736093898327,7.114479823459426,84.6549677416628,chickpea
33.934786492862095,78.53154703012459,76.03358542515716,20.00217086524493,20.197932889229403,7.453907417681997,80.94469991819638,chickpea
40.06481250913609,67.60491232179025,76.53980906643498,18.10103314046059,21.438771120952804,7.256585346925937,72.14203730617227,chickpea
36.90221441883095,75.70259476488056,84.05363979898686,20.120658356464514,16.227436403270627,7.529344988069178,73.56438875049352,chickpea
19.701929843271127,72.81882692435047,22.622833036757193,17.054270462147592,18.577894188365697,5.732610645844023,131.89198562004265,kidneybeans
11.422174177655029,68.66999763742302,15.871870005280556,18.097007019423362,20.542286327743035,5.573847496968933,97.99306090511188,kidneybeans
21.03603530188185,63.78846660021653,15.612627845437542,22.339608837568328,25.011488668595522,5.952952293006801,82.88898255603877,kidneybeans
22.494590762920755,71.05587313484153,16.906393794681243,20.02751974454639,21.534933418758538,6.252645197570479,134.86744055518858,kidneybeans
12.678218033348996,81.96356203436794,17.254322836540027,22.942019882982276,25.881991923454922,5.4012929319474585,113.39901690758649,kidneybeans
20.46233127866968,70.32598002779434,20.692016907141877,23.58901845611074,22.30159817258425,5.649637779172107,122.4409634958577,kidneybeans
23.901979824293015,71.39088036592533,18.00623998322421,16.864211655804578,19.729111426989192,5.513753584295824,117.79298902979372,kidneybeans
25.87992025147026,66.06921826280559,24.292757056473057,24.105408181295388,22.973595665602158,5.4534324685370885,129.6306497415331,kidneybeans
20.694913244857958,67.75699117858585,18.981184923180294,17.330629021108408,16.12544227873883,5.889860497067186,94.24898419155069,kidneybeans
36.29765614498412,60.483558504325124,16.22785257505589,21.530416146840324,28.11725391586918,5.719376897082967,114.58363630280911,kidneybeans
11.782262912706452,62.9349307258494,16.7791528125873,14.314862450156356,22.46792093609555,5.02715171351687,86.16706050868827,kidneybeans
18.31403102993291,62.012284984293544,21.189225506621202,20.91674057570744,25.575194983741827,5.925715119813804,123.1121918404207,kidneybeans
20.99040799995473,68.82080140490002,21.534541105757572,20.424970092173076,20.411222760331704,5.600267239698069,93.73662402505052,kidneybeans
23.10808414954915,66.43590895548907,18.010478748089707,18.01326554202622,17.158405088868847,5.99365240237116,107.17926504297681,kidneybeans
16.68599990213365,71.85128649761211,18.31865357061688,15.780498118963301,26.08488915687653,5.538870903130166,99.86651364686816,kidneybeans
21.205900101745886,73.85553533674069,20.060111872598934,16.40264862156431,24.17550801644872,5.554503082721483,134.318859572942,kidneybeans
20.994401390010548,53.589787012608,21.072094916467023,25.833793376780683,28.303681154181557,6.24928628662697,90.70359721927805,kidneybeans
25.560761979883893,62.66803276157973,20.672868198250775,16.1811427137808,19.422176940469136,5.497125990790916,119.47832920213924,kidneybeans
25.003595608348277,68.66091837598492,15.948735745833844,19.06508169815084,19.015534068229094,5.960902727008348,123.67277279225777,kidneybeans
26.281927930154417,62.46868348349788,11.781400633131563,14.699114305609836,27.686507912328835,5.579623518204053,94.73913072602332,kidneybeans
29.213301467181168,74.59095967292996,20.07334616575936,19.119790726808077,21.4715951487475,5.76814883951624,130.00070921979412,kidneybeans
23.112337121186133,71.35617419823485,23.507810327210514,16.490971996926742,25.019447569896172,5.611629373601517,68.25857206340851,kidneybeans
10.35915229007094,60.89129433088789,21.593669685777744,20.34139869602089,22.737466828702654,6.2852830448060075,86.96365577710282,kidneybeans
20.86283322908138,68.8266131368829,17.791180650384995,20.08498023524882,15.600202663662621,6.1229718651825085,95.7757817120435,kidneybeans
31.157000823892517,66.80515405649527,23.08416069619755,19.840091393026537,21.87702467095788,5.524791200033398,107.78685894049417,kidneybeans
22.589993472070237,62.29444894650892,19.62486675242035,18.16970340182866,31.198656278459353,5.673080769026515,129.1784822754484,kidneybeans
20.021888345961557,68.55572584920945,16.035907785064193,18.658782224396408,22.842138683156985,6.1758011492879605,109.32974166514407,kidneybeans
27.918601805964997,70.84437466121751,24.882204018394056,19.822873348084833,31.560890842607215,5.554381139125764,94.50307248703497,kidneybeans
14.94973575155483,80.98614802934841,22.458342717853693,18.997637799859074,26.99609078749398,5.906307655535334,135.49191207063384,kidneybeans
13.260835836300444,65.40783935011447,18.612435848171522,14.078951970774195,26.241308819118778,5.618881033258993,117.09446807479843,kidneybeans
32.79885967164806,64.88053784903435,18.736541052028535,20.355992509171987,25.94898941193364,5.529986092406955,96.53557604301804,kidneybeans
26.28594635120683,69.27183594302821,13.865815210985538,16.323824601592676,28.00494345530884,5.820578484923644,94.56706103444127,kidneybeans
20.14795171382509,67.07942003681002,22.20720008084049,15.925209815423631,18.636203445318166,5.781886726459017,104.50248129256825,kidneybeans
23.85929591318355,59.622955615842415,21.071386028813965,23.274750858132418,23.947274188597135,5.741733521928477,104.56174596151044,kidneybeans
16.82574423614249,66.56800844536127,23.779117558641218,19.642914480199625,18.44078404260636,5.552325873370385,109.01275445913895,kidneybeans
19.132430014095764,69.91181969837885,21.56853128224709,22.666949541213945,27.694237889060133,5.998757617311709,91.9864140377806,kidneybeans
16.48232776711864,66.54537114124105,18.646473928281758,16.58501981911717,20.233232823308022,5.557646119914288,95.92228390358191,kidneybeans
19.421052569224972,74.07070510191,20.597714123747718,27.415427228166408,22.682032744078597,5.612980267818824,106.061993239823,kidneybeans
22.2824598922177,69.61152374302638,26.230133977577072,17.464038605067294,25.436184232710943,5.762325179284237,82.43353386144074,kidneybeans
24.853493910473816,74.60574136482343,17.42847078866771,19.973198396324086,15.098582951969185,5.3223580620946995,121.7204436642588,kidneybeans
18.667917469962827,60.347182150371765,20.688381093375288,18.43276270570693,20.116713368897855,5.921797807702471,88.5739996159848,kidneybeans
16.47317393659084,67.92447995289321,22.908229372244616,23.71448090446955,19.339753118553507,5.981213090075895,94.23786559794387,kidneybeans
30.131046734534,60.19737384748163,23.98543643237519,18.030541679543827,30.052985819178403,5.877396218655745,90.75975205887667,kidneybeans
18.388807602287464,71.68708723134245,23.157933252846682,19.787853224826613,22.178633123853867,5.9275059097932195,107.9769764051623,kidneybeans
14.53247570330812,62.12215585215892,20.705359829454995,23.64644724949308,28.46392969664819,5.933858826231435,110.30936141554545,kidneybeans
24.744069429912386,62.99949489875887,19.540307119225357,17.52760783598157,17.005029557169152,5.800064703490862,108.78269959877116,kidneybeans
24.438262422545066,70.27667098535468,20.727932813971584,21.669849997032664,21.829267615090092,5.823867418566721,95.1078339597046,kidneybeans
22.84852962819565,71.01050611171605,17.99095571578339,20.15549629697854,19.505589961482563,5.542047991045166,89.12605967346768,kidneybeans
27.32887462583278,73.39411104832028,21.61230156268201,25.91658785583144,21.243017213726432,6.60952872453319,102.58705876955169,kidneybeans
22.275966758780083,64.61333251635875,21.116976680180915,22.506844783658735,21.544334427787664,6.233015954135286,109.58723926950191,kidneybeans
22.352426930550997,61.546013832917694,21.255497223651155,19.597918337571905,19.567041082650853,5.467057677555491,146.07645069635026,kidneybeans
19.682613749104824,58.258087475312394,17.905335620802283,19.84529648157136,24.18666813046594,5.8664389565175945,116.14921827664789,kidneybeans
17.775698466813353,69.04264266100927,17.371821607668267,18.141071050957965,18.329164101998963,5.34348334362052,121.96314233287013,kidneybeans
24.443058504894438,72.85999221986879,20.11793919807289,22.33042309659544,14.95484238142982,5.958926255413607,108.65679745007546,kidneybeans
24.13554800074583,69.28013979429169,17.03883453638934,15.50588067382686,19.151783335268146,5.869475184381874,116.35137122763093,kidneybeans
14.160288613090685,61.11340379519071,17.830292942177483,18.928084819199555,16.55179667658939,5.273384470157961,93.6724705538867,kidneybeans
21.431269181125028,59.91643396147906,19.652589470084703,23.175658448425445,16.79288105034596,5.638066272476839,121.37135100626159,kidneybeans
18.908658048180953,63.55798185484949,23.49048744291942,19.081393763085355,26.41798010082227,5.82868961733816,100.85733020635244,kidneybeans
23.39845265298765,68.92269708307623,23.06264846300742,18.354963386404943,22.16482426712648,5.681545296118609,116.56222212459677,kidneybeans
15.874104027779122,73.10186228942713,21.398986316511248,16.04922477910116,26.833051301922,6.37022792423932,121.02750954324112,kidneybeans
28.134923836132344,67.51222828961554,15.01548524078447,14.467638646497425,23.020328175471032,5.522406357681006,92.28135582508973,kidneybeans
20.686266580156623,70.69351172716773,15.641727359713558,18.653367139158846,28.03948273248126,5.377413485933587,119.04641780747434,kidneybeans
18.57634619225503,70.27476255909971,23.291982521608602,22.223845300955066,25.636638408855507,5.354521939977613,122.70489560111949,kidneybeans
16.7365344268259,68.55725059342923,20.77473856099168,21.45536767660874,23.347826704240763,5.446857006442583,85.75198881556426,kidneybeans
25.361743399808844,68.1150074651135,23.448130522873452,19.865801197436397,16.37934255729216,5.989838904301232,100.4444408550834,kidneybeans
22.710017287105106,63.115243429122884,24.932905130701073,17.37030552745041,20.6502809835753,5.732234610809195,89.61726509369564,kidneybeans
22.652597642937977,76.67146286480494,18.52861351791887,21.185428457095178,11.002258455845778,5.688321239854548,101.30436571110693,kidneybeans
16.907511987948077,73.4887028177712,19.021268955128516,19.467567538719237,20.491228500843714,5.124955238470477,89.02020339884558,kidneybeans
25.80546743060108,54.34029611872017,17.701053951152883,18.80083983113071,28.974487469166263,5.930581129648911,97.6424420942035,kidneybeans
27.522568485577757,62.55690507699328,23.027299411202016,15.923368262230953,26.29303132715663,5.578159906358705,90.57243638588096,kidneybeans
19.91428193461843,68.66406507832129,18.515754708422865,21.66186051798597,19.66802446534373,5.886111718179407,112.633330930549,kidneybeans
20.695384726460325,64.3517061258043,20.4546223872958,21.650761229101096,30.247196610926434,5.981826126539454,120.63984924723762,kidneybeans
36.442560974301415,70.09575086060707,21.453930533935107,22.112045222964962,17.96413608964699,5.566829509074373,98.40746099961498,kidneybeans
24.238069886097808,65.9549526266728,20.414670276422907,23.262363860445394,25.452602954816555,5.651483699087626,95.95007354682666,kidneybeans
26.676373658265945,71.6433470854592,15.181229545113853,19.060538183275156,22.66206184806705,5.93364891513631,119.65152242409657,kidneybeans
22.419530005877366,70.51148518815313,20.19241040713446,17.978444935458317,20.954942435834983,5.705697355992033,105.47981124972115,kidneybeans
11.572135477782647,64.61509999042342,20.168616959267457,19.155890024282897,21.012704817953658,5.846397411241377,89.8156421942705,kidneybeans
12.859788930243944,64.91098125497994,22.29234321650537,25.062659118459916,25.12851295637896,5.259520872039346,102.51449140934844,kidneybeans
22.28317190540765,68.06554670154155,21.617913658828623,17.248853160617717,22.25977235020297,5.826096848932839,118.3850642995549,kidneybeans
16.97140916693604,64.9290587965426,11.88854695977998,18.13561409726668,19.902340428115828,5.394124647549767,108.48418225348978,kidneybeans
20.72027283977366,53.44471673453433,20.64652390790527,17.21502760763292,23.94275583676206,5.3154446256814,106.4500980779641,kidneybeans
19.584183355567472,68.81861130970198,20.37409183295404,19.234507474935636,15.854910743823021,5.256837610961691,97.24169591361671,kidneybeans
20.958600580352066,63.3505123168053,21.875635791738397,19.16233724236495,18.13994910088196,5.616571112103627,109.38789754474828,kidneybeans
22.624423594122923,78.27027479195877,17.993271979989743,19.7795640152288,23.704495787277704,5.6929731122397556,98.4907278101702,kidneybeans
13.253714118278783,63.93499264568191,16.7788927618466,14.820179956628664,18.817284633317655,5.385872483770064,114.75679817939422,kidneybeans
24.00545918707147,61.57672426251475,19.219314108310638,14.425272013662394,20.022640199269222,5.819694570210704,118.37406834421154,kidneybeans
17.43476459154343,73.31112916316512,15.452924235459585,16.257116602568622,24.838647462551506,6.201336368568974,113.40147982275543,kidneybeans
20.79828806732994,53.82889752086675,13.932658831869562,20.388228610687605,20.5677493217153,5.3682494453543645,106.98298871245076,kidneybeans
21.575656837539047,72.66649521124164,20.4098068490381,23.685183105003155,22.031976118195253,5.6653995015578,121.96468279370774,kidneybeans
16.107795599792826,83.88668471959697,21.125772434500206,21.14248775851302,24.10038389589039,6.263140942599493,117.8876111750891,kidneybeans
12.974720104980381,75.42082230860503,18.977310261664947,20.32146521851797,16.882984111298935,5.8578606054371685,96.22938564898672,kidneybeans
21.500848189967368,65.29540596783531,25.775038405207557,25.94678090043677,22.186052680858964,5.719193313410656,100.39835550475728,kidneybeans
26.53003145751393,65.02648077799974,18.735988176062904,22.935778590994893,19.846803618733404,5.688673489665441,82.2803382773351,kidneybeans
24.520951725615834,78.64520163509121,22.163676118399376,24.385397502641915,18.615591455290676,5.77089728460846,91.85260113445915,kidneybeans
19.861172272093285,71.63326886411502,20.305461839309896,15.762076932196335,16.739883577848985,5.285650820552768,113.37178884909386,kidneybeans
31.31947267828334,75.17474946400128,14.312044402561806,24.26322781420935,25.74560166805859,5.236410016341373,101.45197574934254,kidneybeans
26.47761205747905,70.30260106560871,16.072714842836042,21.832226467388583,13.449997615677649,5.633153347272836,123.06935154100073,kidneybeans
21.0919710778566,64.00637470022832,22.66803876131705,22.924255445259746,27.2401587714678,5.962302728533916,122.2206219090572,kidneybeans
24.664542787187674,68.59317189469883,20.268526999291442,19.288220842707794,17.150526827761098,5.413406547354057,101.76978277097186,kidneybeans
22.207260798012147,75.64487558802558,19.87460831637346,23.010428872632993,26.317262625728482,5.630565960693363,114.92035317055276,kidneybeans
19.782359791375693,77.25495125854934,22.54337335306373,24.428548735934935,48.96914791292308,6.359244864729552,146.37537930906598,pigeonpeas
23.23857515047534,71.82115186417401,15.853508403341598,29.53212384764054,39.636989087792244,5.4497503574394415,171.51445934988385,pigeonpeas
22.783781451541792,65.86865534577431,21.78584408498075,27.819723256734605,48.075471014111,5.962727410688055,135.45264518681736,pigeonpeas
21.201682027773455,65.81412263775343,13.657586501598978,25.2386327312521,57.40923868238299,5.853889325834094,123.52823397197221,pigeonpeas
13.298228120757948,67.21485269922591,26.244746132705927,27.439725595586943,55.8419973204241,5.840772308327463,159.42500915691787,pigeonpeas
14.321397453477154,74.56266045224831,18.66027185090557,30.589277360832725,43.11498010808332,5.770819739003965,157.04005907875262,pigeonpeas
20.229833417120666,70.8318163516031,18.934411699229965,26.05282074087616,57.632900296763786,6.1195811465445775,134.78270509903646,pigeonpeas
23.842221527973066,62.80124801709193,15.261261425350703,31.101428324196927,37.77540224611556,6.0707423654306165,144.94555374853883,pigeonpeas
19.942266984597357,70.86825853736303,22.324795247977008,25.520970469513276,52.30635365250038,5.74534821521009,124.87890414263924,pigeonpeas
20.150627582101304,77.66895310891248,26.706379192982787,30.15204537282603,40.85793907098978,5.896242760982355,167.01721807718386,pigeonpeas
24.62853991659361,73.49468002081542,21.453052316990124,27.78276298350837,44.34979502457589,4.9408257925994015,156.792835334267,pigeonpeas
21.93026421826094,71.90303089977371,14.649825226828423,29.93505006794518,60.32727056772466,5.731380052311165,148.76669361586917,pigeonpeas
22.545011780428506,82.22635917297237,15.905408953200435,28.609620800181716,43.202055466214134,5.481198111662002,149.0081938423612,pigeonpeas
27.736616208067794,80.60693420482116,21.792568578506824,26.870215830929546,62.95643319983111,5.528978207468192,138.57728171280525,pigeonpeas
12.125284777106366,77.7726409847132,23.872982369485175,35.25341660834934,39.662859886691244,6.283268322991644,151.40271036732256,pigeonpeas
25.030501084000683,56.4655600122687,25.87232729066119,30.35955025399549,47.766539791282696,5.958045075064449,134.69009397915502,pigeonpeas
18.102799572091502,64.75588770462222,12.589088553238888,30.5852754826101,55.1495616850954,5.419462340094464,156.96406031889637,pigeonpeas
19.67229762685382,70.2979177345672,17.489691035155882,25.349724531737092,54.312449316142455,5.674451765950203,190.44217901706952,pigeonpeas
21.2315498239707,61.51745371754655,24.907763505743755,29.89240049243806,52.36123718217854,6.176240271547168,136.9440741230841,pigeonpeas
20.36373345507356,66.79985117958545,14.837013852337527,27.20922954952527,56.01827674726094,5.794935241517539,123.07877344310025,pigeonpeas
13.220802941675325,79.6534324112379,19.63872395897948,26.05776938289515,46.356049410617985,5.109076898273067,178.4619029902324,pigeonpeas
19.034735312069852,77.57181069416896,20.20660685778926,32.288595923705316,49.54016699425851,6.041293065147631,164.38186092176673,pigeonpeas
24.116455331259854,70.43554134027897,19.06859713553766,33.74630407471858,42.55837808942459,5.701723056937264,150.2977175041519,pigeonpeas
23.012203766717608,64.9936914787385,21.25898522235835,27.4934722443911,38.508284895372604,5.703820914502739,127.98869333939697,pigeonpeas
12.328071187755494,68.9581132448257,21.951533368078266,29.58009412631373,51.403024242118164,4.9269643916237555,122.7796614418506,pigeonpeas
30.867607184068355,60.66953867946075,22.443364124546758,25.939187135002463,48.47803643560539,5.4466983190905625,161.23082309239288,pigeonpeas
21.683870586583495,64.86197158449036,15.799311521277158,28.80332259247753,40.72368720574446,5.870992416848336,202.529698180738,pigeonpeas
27.75085025631006,73.02843520825914,19.65757080903541,22.183742118989425,40.06628162459889,6.213117142441085,134.20487839750442,pigeonpeas
17.503739509179766,66.84044667021185,15.751814964613782,24.319693796345092,47.69715556331147,5.343388218131186,135.1796284044221,pigeonpeas
17.09404486926497,71.65652149684128,19.07149723801857,27.46428409631844,51.5816753838533,5.643184156706824,144.43492463085653,pigeonpeas
23.352251777850853,72.67738490490342,19.411706001965584,28.241823326861564,43.30925862160003,5.35572678273419,165.38295003933615,pigeonpeas
23.224710312723108,71.18708906891604,21.123417394902088,28.13860982744486,52.17847134493662,6.074043504409114,168.22456010381296,pigeonpeas
20.496110420270067,77.70894910936187,20.913842726929285,29.897128577697394,49.69252734500928,5.79880268299367,135.2849601949936,pigeonpeas
24.50675419172413,87.91706076435347,18.500819700839667,28.212984146274845,45.32276841391643,5.504792039375227,180.88898956237347,pigeonpeas
17.635144911362676,64.68143668643548,13.650028705074796,25.727164826373258,37.749600642279916,5.952721879684772,205.99394443674618,pigeonpeas
19.16660603174739,56.332694469068336,23.599998657718935,25.81922512320953,55.79608158332124,5.587188380884022,137.36368621834438,pigeonpeas
20.110212221271567,73.30443732655331,19.090317476977376,26.509825891618885,46.80701038212677,5.191257926199646,157.9406320458796,pigeonpeas
12.06636703077545,64.8911498194414,23.03754083532297,28.90914484879815,51.54192343791834,5.673981730912477,173.39492361971034,pigeonpeas
25.62349598384896,71.12298702973372,23.71018310925417,30.25127066321073,45.36321891991866,5.162440435323466,158.40724251685248,pigeonpeas
23.730446154157143,75.63330393796996,16.254714899818826,25.28070682216851,50.75940159784662,5.671533204458766,112.28476778857744,pigeonpeas
22.875540818770954,55.03303959507732,16.218973792506496,32.05504411858032,58.949274106842694,5.213737452611215,143.41216925174612,pigeonpeas
21.21311261539353,80.46858849307098,18.028524208702393,26.569347930900165,57.29235335077717,5.550084338912697,164.44403417932915,pigeonpeas
13.614285174437862,66.80137079135372,13.361612646694383,24.833698657132885,53.03520813091358,5.680037843565315,143.6178851889405,pigeonpeas
17.256251880095412,66.45540748731102,21.204452668402773,30.948748619385285,32.249119895419184,5.367295530294876,153.1819248437801,pigeonpeas
20.505684420188572,70.82363369768707,21.070161144506216,27.08539641101978,44.83888082407694,5.6017994041058,172.97484699645486,pigeonpeas
17.339960335471428,67.5603529379923,20.733368855993685,32.68105278962337,46.19815045058212,6.083522662404384,174.63958806530044,pigeonpeas
20.681228675046757,66.52496714646266,18.683785311807135,27.232530597272252,53.125439163460996,5.792403990902206,154.7057941833974,pigeonpeas
15.373882448100826,61.22756945837336,28.57378729910792,27.466522824133932,43.35136802652984,6.272439666235719,155.63617097367103,pigeonpeas
23.890774584322607,67.03367047302926,18.725307637692783,27.49124088250813,39.70357097820824,5.6648290362320415,155.92066154085234,pigeonpeas
30.25231616921877,68.6019934550365,10.66329183115878,27.718043701646135,64.43702479864984,6.046546493994017,133.78222112382824,pigeonpeas
23.955532572152784,62.80590602577182,14.584769921812569,26.954891910297782,48.549158635433166,4.951137799026641,127.01681418922729,pigeonpeas
21.051677815911773,65.14278776807733,21.579245084584365,24.355995018074317,52.284682491319806,5.226496361175922,182.8546860387526,pigeonpeas
12.421208578108416,60.35212010731611,21.669483212127318,32.99269975449292,49.89025821669703,5.925143168072957,150.35073803346117,pigeonpeas
15.868007729424033,64.56903156232434,15.152361120074893,24.163870096669385,50.410493515918475,5.2507288071648155,156.39108013446722,pigeonpeas
14.490886238894511,70.07468114081728,18.04526972414815,32.21984660095193,49.94231337347439,6.194313157197657,134.88706567149615,pigeonpeas
21.280716701220836,61.13238989318605,18.34557902902233,27.213687331766113,43.644850675877166,5.213798856461722,121.72965352694695,pigeonpeas
9.301259421463014,60.60557475547579,22.50997558668738,23.20450440396015,39.79126292248017,6.416359428493166,137.2700790030349,pigeonpeas
22.60523004582418,72.49622002550346,22.650104519125122,23.43305730817582,46.61364192060306,5.052709092192643,198.92635717820647,pigeonpeas
13.025623679921999,60.665118467911256,15.837596580633981,23.51001856983136,56.11556345853927,6.668979160433398,140.48501761374766,pigeonpeas
14.39788426577795,52.34152150891785,19.023565125911595,27.050903730515667,44.092223241839136,5.788550101590491,157.90346285630972,pigeonpeas
22.615416289689502,65.78712589622059,15.593512681702952,29.997499293420148,48.07508255652918,6.0553430099338605,165.80151098944464,pigeonpeas
13.891189654764421,57.960444547796776,16.977837125037887,24.831203775127996,52.53151065585661,5.840523870395168,171.98367987570623,pigeonpeas
22.982434087054592,69.46054707311359,24.79891912137668,29.409182019205147,48.40860578062631,6.292181213572274,152.3036176630558,pigeonpeas
19.47829697541039,62.13523718855645,22.812101836181647,31.711151625527407,47.69647559139942,6.2231662495119355,110.59969936056848,pigeonpeas
20.722733125960428,67.71933561526895,17.09202251037061,35.15158311394562,47.602844203867434,5.536907691358227,150.5192422686701,pigeonpeas
10.985931307370851,62.68092452258559,23.932959877781617,26.113163935201676,43.02674902319837,6.223810254605761,176.8050880190366,pigeonpeas
23.58495236080571,64.81417866172933,19.042115739534704,25.58755011527512,42.03136128582813,5.282233404676627,137.63891186429584,pigeonpeas
15.826395046576275,57.05406417019796,20.87761067901562,28.70378674268031,58.2047565505699,5.4326646526581195,155.9220117924654,pigeonpeas
22.56356289637401,66.22313707212126,22.977334354998703,30.325687560552144,49.96446657118524,5.597744117980882,142.8493978289093,pigeonpeas
14.161230506014704,62.35857554967616,17.511969904393247,24.628084712711697,50.639543800125985,6.178651147594804,131.838751353417,pigeonpeas
22.417207178723185,60.76122202329203,18.780311316243353,25.929011262466673,51.61137389163865,5.428484730463129,170.23320827413295,pigeonpeas
19.771396131689006,63.45277403283618,14.986778950619348,28.75961353088605,53.37131041335708,5.80932850261475,194.77663332828848,pigeonpeas
28.148937262352092,65.84730564698089,18.727890264771723,29.40909015845606,42.97188491744589,6.1665153226129945,157.23201043687166,pigeonpeas
22.282294554292665,72.80867567439572,26.891319533476235,28.512866056562515,47.3217577747717,6.303487849329032,169.3510083198227,pigeonpeas
19.395100798081387,68.03630514061314,20.781523663755195,29.085438833814948,39.86040089436531,5.083006156879376,132.25219955995092,pigeonpeas
16.17630778494329,63.493231902192484,22.538842568360018,27.493212531025787,49.17836763006113,5.210278635983095,140.7671559415811,pigeonpeas
23.9362883087242,72.16466720723761,17.10170468724837,28.48498715913866,61.19308712089399,5.692960828297745,136.1362610771511,pigeonpeas
20.1311880531892,68.64523975268783,19.395326477237802,27.905935897970494,39.33931921837896,5.31494780996562,147.01329525857005,pigeonpeas
20.173660149887816,64.03667507598,19.291945655694253,28.183044566242614,53.33648073914715,5.66031530590958,157.98206410596507,pigeonpeas
18.291998492830395,72.00467006518937,21.502921190449428,30.59745100953946,52.280762774666925,5.935494249152459,148.03165182684438,pigeonpeas
22.22469613522234,75.44456249916068,17.391701722388824,26.114776663909403,49.088588387702174,5.8661118761061815,133.5178700147199,pigeonpeas
20.626187182933457,67.34200858039851,11.138879537586117,27.341218032223722,47.0560930029092,5.6358828228707925,178.31828549154537,pigeonpeas
14.921008507455623,62.22764200156771,9.551216806722664,26.557250001477577,45.62613867524399,5.496009129466298,172.1535467896752,pigeonpeas
25.303087611684816,68.54499706987113,18.517547785840552,31.07856900432059,47.88145284098489,5.372691984432617,115.67502645030896,pigeonpeas
18.793427530521587,73.28250532020826,29.10615475817236,28.18483103856843,43.40786690927818,5.226013916686314,161.03909792611196,pigeonpeas
12.176919738078658,71.85241570983422,23.270846425051648,29.30883835969859,46.68202996836865,5.925976261418726,153.418767422566,pigeonpeas
17.109380790697042,80.95288625662518,18.593282481557935,30.327256901349728,33.48831430382571,6.210588353112372,179.37527489309164,pigeonpeas
21.149168935633192,71.91139724316432,22.23406072643025,26.071649291077826,51.28273383263604,5.376547812050978,137.82486152709347,pigeonpeas
26.634715716061493,74.82260383490141,17.17449799153683,25.799270969496877,44.126420385253965,5.993055826586197,130.00030438379207,pigeonpeas
22.783563195179763,73.22792767444007,19.6470181988276,31.030191090594784,46.17413898306125,5.614457759602434,130.45507537736287,pigeonpeas
26.085886738101024,62.63435687114791,21.399087270860235,27.786051798622196,41.683301621330024,5.456358742470671,177.65744478081467,pigeonpeas
22.008287713172404,60.93594761043211,21.221313149394767,27.561657905216364,68.72427841346509,5.814049536536909,142.3875030586727,pigeonpeas
28.10013958893552,55.11274682895008,20.37728062552439,33.98328548404322,47.302804293841476,5.006679582140769,142.08164071178805,pigeonpeas
28.272590204795186,70.6324871742454,16.644575561949928,25.944271578462928,44.64179837310112,5.844479153621599,176.76392265877305,pigeonpeas
26.262115063995854,71.1920852747639,14.673420959770066,24.016202458019677,51.19951212728258,5.161811560826843,145.4886595786279,pigeonpeas
22.520752230930885,60.03684203246118,15.902950662564546,27.717636806296543,51.021901725144325,6.124607508165503,162.14106869541104,pigeonpeas
21.368282974960973,62.77663672510066,15.716372016621923,26.467368735012556,50.459613509883404,5.834649482650938,108.00196028549755,pigeonpeas
17.071614858662485,76.43155286124309,20.31686019121656,23.74897326069104,62.134927089588906,5.688423307074094,157.68667918626815,pigeonpeas
22.997623780225673,65.4268317368787,17.089705272714422,34.365024955197825,54.0192352177065,6.02877488044347,161.5257838343642,pigeonpeas
15.983413048191577,76.94271134218192,16.627469367953005,28.849860394451937,38.16366056721259,4.883656459740992,156.36582405306228,pigeonpeas
16.95450366402546,38.054162143513636,21.621828508841226,32.240161542101575,59.94780129290031,6.6970728458937305,51.07076245357557,mothbeans
25.438531283919566,53.61064009917453,18.969392843522904,28.06835543144915,54.503074033822685,7.021550528111533,49.93538846390987,mothbeans
20.39957377465628,54.89916164877194,23.62856210732866,28.954821146872177,61.59554535011464,6.645421695109433,63.983787589035046,mothbeans
23.71257721767775,64.35513061107295,16.422554219652568,26.621309495565317,55.09398914100274,6.958893621191597,66.60111187340014,mothbeans
17.65812658350233,52.52459259346942,23.487389014045988,29.409295664441295,48.1950182903784,7.363103522101679,60.834599450523314,mothbeans
23.997922598951888,49.02173843604477,20.678324030133115,27.842528415521244,56.20392567126321,6.812453941177991,44.21180019717887,mothbeans
15.757041775862039,44.23981873173854,20.666396727648355,27.946088327129587,54.07671896644375,7.000325253418445,45.981432592664966,mothbeans
28.32830084172674,46.66144586476263,18.699719045655474,28.964772474664905,43.81744898812464,6.483786220110832,58.84858238953466,mothbeans
12.312890354689447,53.58787098466578,24.533409699077403,27.261089324352504,54.45906383713155,7.247634833940411,47.26568649565184,mothbeans
25.33887760263091,44.64425602434664,18.56719312000046,26.401327071350053,54.71323599597402,7.263187621026219,49.52709654306268,mothbeans
14.643754200437984,42.586465888565925,21.183798264111623,31.68823282678854,54.96862499657199,6.645241379739499,57.12947173480227,mothbeans
19.802506822066267,46.108573913178965,17.124622682914207,30.816897688492713,40.30396041252168,7.119143680111708,47.29004049761971,mothbeans
18.948296342741937,56.46157578058906,17.857606723399847,26.639861691943178,52.34802880540235,6.965538954324895,47.46515374165705,mothbeans
13.130705347320573,43.671509095591176,23.84400156939356,28.14955357827102,55.25543641851911,6.6954315171307845,45.724018430613846,mothbeans
29.387847249377053,47.0590407147446,18.66989036141862,30.19228473271068,49.38819820566307,6.562109062490401,51.08197347213518,mothbeans
21.001350520440898,49.29805673951607,26.275007268186464,28.67249649270474,41.109730186246,6.930519577372624,51.30303995591679,mothbeans
21.21725012175729,49.22973654698085,19.9139651369756,27.894775813889222,56.06522104885393,6.583167681122199,43.41850931488659,mothbeans
36.11890726311196,44.42071278109383,20.30042873738023,25.008679498249265,53.58234207525711,6.426709779724265,47.46021645719991,mothbeans
26.22532332885562,50.36004784189037,21.705228573724458,24.457590323216273,62.184475849145066,6.3232474756232495,63.22848651435092,mothbeans
26.107719329907432,50.8866637089234,17.435045657274856,28.303179689639045,50.6453929467757,6.8116158286021165,49.00102192731552,mothbeans
10.80694746713796,53.60892075492294,19.756678530351916,27.030399200995525,50.19836383585116,6.943383830546707,43.84994929364422,mothbeans
9.724122207629783,50.03564901604138,21.557308993870464,27.600736350644734,47.260485624049956,6.835574216355714,39.28374105349129,mothbeans
15.863847016561703,44.24651031747919,22.531817212674667,27.274778099126166,50.760667941117696,7.581877006164499,53.819699977509714,mothbeans
22.69497255237413,46.15149627395613,18.210884997089668,23.627187119965697,57.84370265961779,6.979323882302552,49.566672054292695,mothbeans
20.31386649081872,51.68072131130528,15.33586978076044,26.82023733689239,47.31848568553735,7.508603712994699,58.00524425482641,mothbeans
9.986536794323179,40.43119186680012,19.60296297992754,27.05511957585515,46.37808895961556,7.577904895060196,53.500319311860636,mothbeans
23.374081614315458,44.53992525383893,22.16682244153401,27.239134478035975,51.583284131462506,7.0444007839301035,37.9680194795176,mothbeans
28.98513929925491,48.911946073619376,23.842832626341274,25.849160486762365,48.38417437985903,6.335239911360075,53.00238138131871,mothbeans
21.32991650959123,45.677940903844096,16.957792421344163,25.466807460538316,52.75758049764672,6.61376528816456,45.5151440611339,mothbeans
28.73544743065805,47.58837160903633,23.810128801780778,26.933495634634607,54.22388141899329,6.777809593497466,37.41902152385502,mothbeans
28.141691531319566,47.32423196483792,22.239254658898883,26.49594255507688,52.175778092101176,6.4532590560306575,60.887987862107146,mothbeans
22.55704673725338,49.83526763340444,24.074552441314935,30.312682593798044,56.826712680681425,6.231309061185015,45.43456704386653,mothbeans
15.980559319943236,51.63766846812899,20.511955825250155,25.218975132738812,52.05627893494386,6.202355065712489,50.57474809544192,mothbeans
12.723137480064077,50.64413746692306,21.13388787810222,31.81589698669376,57.23936644748671,6.630834297670999,57.544560746195884,mothbeans
14.011680595274107,43.18763698159457,20.99942759622533,23.683500674504145,52.814196075330585,6.391894683152632,51.81045644122611,mothbeans
15.611318209763683,50.12124068727594,20.057982271002167,30.80073183376266,53.03367267050811,6.4925428780154135,49.02491315338174,mothbeans
14.278818014916343,50.0306862735272,21.769550738945817,32.938392073385636,49.89082004697798,6.692882170529927,46.39393180449427,mothbeans
22.06056850565612,49.90845267239807,19.839875466714467,30.172651833746066,49.915102481226114,7.194469619156285,55.30798282912866,mothbeans
20.939850400505268,46.425316796214275,27.28000327619411,26.36598269851584,54.489665884842076,6.499912371903147,65.28496598897044,mothbeans
25.434131643996018,44.60825060579428,21.537784980293686,28.51539144255311,50.41687619012631,7.10326568689127,54.11444312883528,mothbeans
22.07849356942976,47.790401443788355,21.293163477798952,28.45877532298492,53.29546666512508,6.543593633604974,64.55012992609994,mothbeans
15.747900283257264,50.138181094398725,19.0392777730957,31.5190945388986,48.4825873138808,6.505894695295867,43.2414554939054,mothbeans
22.61732525475305,41.13474670215679,18.5644145157267,23.69526835429143,54.202106770640455,6.599914056497495,39.095546048545174,mothbeans
26.428047014870295,41.461665508075306,22.390831070084644,26.59791835202439,61.007856889477125,7.099820215570459,42.93561703300777,mothbeans
16.414587238948467,51.02762602612155,19.2128656078695,27.66131498595727,59.36119430886049,6.5005244506520174,51.730350177403636,mothbeans
25.77313896826153,52.045587441928,19.521161997437982,27.422188238294684,44.30592268739534,6.377502002933921,53.546873812597866,mothbeans
20.31058905528882,48.37463539283113,23.11776082890218,25.62535378187545,51.81909848883675,6.875484385364487,45.36672049940387,mothbeans
28.157385569637086,52.542934008065735,20.870399981266267,31.588463558657175,45.50552360194929,6.796909487557727,53.93069575147249,mothbeans
16.427224766030392,49.503572709088644,16.680252518636365,29.381114636548507,58.28917384064454,6.908933360451331,36.17761747948043,mothbeans
16.166032394169825,50.8235500160658,20.063595930537097,22.611994764615023,59.214151919341205,6.8546626025015325,44.44740268799964,mothbeans
25.97477798783332,44.61229993546551,17.934643647187357,28.71670530202807,61.905192296211474,7.449434871189155,53.87769199123285,mothbeans
23.311928294251597,51.957494660424125,16.229048973891953,29.288296674303965,49.32963265928236,6.927391226718632,49.1802589791413,mothbeans
23.506041635571073,48.5905173250323,10.7809091875361,28.35778342341036,56.210764761496314,6.978371339335381,50.179312430331365,mothbeans
29.21080845965203,49.556865645608305,21.31301990057932,30.08898378810114,54.812964998483,6.440792898634318,31.49330068976302,mothbeans
18.614395489909594,51.80472762940558,18.940711005746582,29.60235674456346,53.743640879601365,7.315226428104873,48.63826634303471,mothbeans
23.33807413283844,50.52942532267679,24.50480561789358,24.586725387331445,50.70795862723421,7.139406442155401,63.36717183822918,mothbeans
22.200357563210403,46.536479177892566,22.271355106023336,29.737405350463366,51.201691606663466,6.9321229248710186,60.44421809929575,mothbeans
30.452294966372257,51.71302479617646,20.13241668999678,27.891849647924182,55.786982785968114,6.75373086300822,52.51712399217911,mothbeans
15.710618677345625,54.48528598245579,16.579445818553964,27.135776479093973,53.48796630425907,7.596394751955455,47.61853612118138,mothbeans
17.669920930198018,45.24591541333103,24.976691502833937,22.375306012987956,47.98630993925707,7.8925154836638205,55.72705658793309,mothbeans
15.4700752533039,47.79041008912614,20.202363698203584,29.692250491811212,62.197510014112815,6.955420672511686,46.68169357589631,mothbeans
24.935422210491023,44.5087365156857,16.89998751203291,24.48018225608711,45.174358027497995,6.441421937550291,41.577681858393035,mothbeans
22.566182636873588,42.00299087087983,10.569001093925769,25.912176450821068,50.640701761392904,6.557820204851214,63.15619743447348,mothbeans
17.93228720355425,52.40461731599599,19.943052200957414,27.915390548654802,48.82309855575981,6.776486939367693,44.879230984820666,mothbeans
21.85012157127285,46.81875183688156,17.1661162004252,29.98378867940119,55.13420240010713,6.620774906343101,52.16394437628248,mothbeans
20.580887392490183,43.662045313683635,20.21148868706349,26.75797649038525,48.2753308218995,6.1508930678933895,48.131141171690956,mothbeans
23.834853297918617,44.5267032331057,27.56212607647391,29.771371307305465,59.52165066330239,7.118097204829503,65.82291979950858,mothbeans
17.06499008263729,35.196313071706896,18.66162317494135,29.116437151095074,53.75758485873989,6.9101890443871135,61.56728002135898,mothbeans
22.910287872312498,51.99456463795511,17.181311774441724,25.809212621567927,61.07056961512244,6.840360614058827,46.01416653243092,mothbeans
17.89302753226441,44.75438439180871,17.873122936862476,25.43370439479268,45.497897988897456,6.721998248938232,46.2565930374368,mothbeans
26.535796427216475,49.465383266334584,20.79595304023395,26.5137591848911,52.39485792110012,6.944400441452576,56.7295659177014,mothbeans
20.530540867408174,53.395618896621045,20.023967926723827,29.58569423703536,50.55073895705425,6.074964653372543,53.146871904148185,mothbeans
24.626620315733128,50.876736659037846,21.26655998431232,27.302826068090024,48.96626874277204,7.020691307617512,54.4115793295862,mothbeans
18.195504545780867,53.54712094596029,17.351403456357197,26.83295324241792,61.182126061708324,7.147432775093565,48.13592555287182,mothbeans
22.436903548217753,48.77396122261919,11.763158405067866,26.187052101053236,52.74576691445359,6.657355409376278,52.976820518643365,mothbeans
26.6474115647396,46.39232107673036,16.827035611631405,28.64970331702209,51.36688333216098,6.737574599671238,48.66581024677537,mothbeans
32.20918900005493,36.79647869501028,18.834998290602062,27.992621948703217,49.09428753858611,7.159930332851313,57.50606142975712,mothbeans
20.761226907557297,46.64663122328153,19.66412949730506,27.79042669270438,52.608134859371184,6.72480035939328,53.01959451673914,mothbeans
24.766060324139325,41.848699262007116,16.848008302300553,24.502963941032952,57.331987001787994,6.9001293172761855,55.04214012746216,mothbeans
13.852508808182659,56.92474061440069,18.173447275563927,28.336411614222513,57.27192330339186,6.405208097681571,46.629405131898665,mothbeans
21.89585887300437,62.28736537732353,20.90337422855607,31.212722301261437,59.02836572595978,6.947204014597808,43.08643382695457,mothbeans
26.298768054091177,40.50944829175977,24.802625371031276,28.40001061643651,39.74888226350912,6.6637975619872645,56.231582567383526,mothbeans
19.814880634801167,51.575029054967864,17.449927496863115,25.388035254424786,52.642772984761976,6.812626266915966,48.21292519150143,mothbeans
27.136455733210962,43.74896312430471,20.939496821997047,28.13593994232725,45.21642023931958,6.272387926532595,51.09528812998905,mothbeans
30.90599999343482,50.89634905949406,14.823095524566103,21.779023869761325,56.6652679650219,6.761514606828721,60.130127756082956,mothbeans
16.596410396442792,49.75106248929263,22.538520389083587,27.105072723587035,50.869572148844675,6.8101051324393564,55.34141077248263,mothbeans
20.928329977440445,52.86998168879743,18.61419443219891,25.34320958907378,62.8848768405659,6.5581465053830215,46.45246333025802,mothbeans
20.670983394639077,48.335905548269906,18.839949072535152,27.96513220610198,52.80118884285913,6.869927730808323,32.14010032810147,mothbeans
30.40438153503925,47.263558432327216,21.741867858340957,25.243797316931953,50.64499869375375,6.531073653471834,62.757790116068364,mothbeans
18.070931965820584,51.79039993470046,18.048738641980414,27.094762120692113,51.77224917399657,7.31353805073172,35.88117872775905,mothbeans
14.421682223627837,38.26347417155092,16.73749364071565,26.376799897615786,44.92759372954806,6.5063409013541325,34.88228415253268,mothbeans
15.910056381161594,54.002101999551,21.21076421084331,28.374935344345054,47.98610721860443,6.1855660163821105,41.88675139572575,mothbeans
20.783950865519927,52.340883898633344,22.70710225140596,29.261224724966667,49.31221567966028,6.809819932961595,48.429259759702035,mothbeans
19.99405118252625,58.18563948479907,14.713999288989163,27.530646368155477,59.058744535980786,6.213643401986585,45.85002059787,mothbeans
18.354807512161802,46.88355138973008,15.212128521181349,29.19057212067608,56.33143641256572,7.0033501300071785,44.03701060567135,mothbeans
21.432553953936477,43.502798802154565,19.002210017685464,32.30693585434176,53.47847688798128,6.324989369605131,52.44268272531131,mothbeans
14.24102036968345,42.00494803742494,16.876630592153628,27.111381095608632,57.68484497794601,7.031359279206735,55.18396262597862,mothbeans
15.505377172047288,45.29342822282176,20.816003320649564,26.743360029223176,51.608167798494506,6.97654347701198,48.209818550389585,mothbeans
22.130297945510126,55.963642280097844,19.48442360303901,30.35867561943841,55.79685033653679,6.213103202605293,42.18290376589181,mothbeans
16.832020584650518,43.72582541533608,19.729130761679556,29.229288096163643,59.27579208352361,6.923270035490033,47.43456355157432,mothbeans
12.671035025480503,47.35294787708669,20.077310581084973,28.365857507077916,93.42496119081333,7.196238618477229,53.4954264277499,mungbean
17.1516914797136,44.43502625401628,19.715466179214495,26.449185751979293,87.00185809994048,6.842763539686282,40.381845448617156,mungbean
25.787266836384497,47.5115516690443,14.812786559773247,27.89731428331006,86.12482582369162,7.089116944574297,45.637665178113686,mungbean
24.31175306978883,47.93570993385108,16.054836172887264,25.16966645303497,89.4902394805974,7.1783936713527075,50.26036461283306,mungbean
26.982826884720115,52.28304924520803,22.050886188439165,26.177377022532657,91.92571500412937,6.914520572883309,45.29912857771865,mungbean
18.326919978778808,48.28391890756929,14.986822745484636,29.399346550705726,81.1857167412239,6.848243243529715,44.34865763849288,mungbean
19.942325149101187,43.21545063617467,19.516311706457596,31.778759092034708,90.54023850819456,6.841791581998183,47.822940141045336,mungbean
24.376804762771542,52.64985197053778,17.51054485337741,27.845122264735597,77.71216708172769,7.149240844104358,62.45516980390599,mungbean
21.320330498492343,36.37494937548492,21.826671549731092,26.191821667701838,82.34660223334215,6.950630555916402,49.78187887858907,mungbean
19.047564898645593,43.75197183699168,20.377508165662498,27.181068894975265,80.56305146558798,6.566974727408656,50.377148362786286,mungbean
20.287586132721465,39.93245700875907,22.967193864126617,22.522377126113334,83.21453937988626,6.451920618178434,49.037252145099906,mungbean
23.246647231210943,52.633824041305175,17.86278537994352,29.173164674666964,85.78327355152584,6.0153842499267105,61.30378178803877,mungbean
15.244899491039202,49.097486361548576,21.169879832593242,28.551273564658153,83.02169247135357,7.030901060456201,37.07742768239833,mungbean
20.736684845304307,44.18062661723771,17.968106173798905,28.85749557490709,89.30991417087873,6.562697695265253,53.46476762948044,mungbean
21.198962661778395,42.53633895380996,19.22614372027681,27.40102821841677,82.21336034997822,6.8713931714623335,49.64252331393332,mungbean
14.637401206922327,38.74237002380321,21.274053359617263,26.36942714241093,86.20816462040129,7.012372631243675,39.103330138161084,mungbean
15.35385098169526,55.37215841197647,21.054712348887378,27.16151868665346,81.26423818941494,6.495823660437089,39.66599364720683,mungbean
24.533648696362363,43.116244231968395,23.280603764648802,27.19874216045998,80.82659926553075,6.529479364794479,29.63083255749008,mungbean
20.51692569330397,46.149404044349204,22.474228239643903,24.22739014403324,89.6474654434542,7.028239717999063,56.764304945890636,mungbean
20.78911449598345,52.069484170513775,15.586267895279285,29.426095130409067,81.91534895160022,6.039439267030826,40.13101637284947,mungbean
21.02212455451708,42.878503958911985,21.1282205950874,24.383524889991964,76.49160982553656,7.248954973657431,54.32660090581004,mungbean
16.80281265634477,46.9850017826473,23.05852118060397,28.83840121658121,85.59289238473391,7.138061632525039,42.885012673591454,mungbean
21.124713794658515,46.91075680853804,19.18171385698687,27.220388977158496,85.29147295131396,6.713762998394211,40.66100650225832,mungbean
24.20718363960179,42.11807396116871,19.34529966635848,27.409439054559897,86.43241445063687,5.852358423913067,54.236368704506205,mungbean
18.292038609551344,53.09981647388527,18.56550522645154,27.90231282853198,92.6551441602737,6.5890647164825324,56.67194919271421,mungbean
21.15618034225824,49.07709415146745,20.209875768234124,29.695703252600246,82.2578735485878,6.306380590792326,43.529966667360846,mungbean
21.398841505296364,45.89590607224835,22.130824629413528,30.60946339964304,81.09664665105997,6.406420483354427,37.946324071810025,mungbean
29.121491963036416,48.52334749560914,21.439406960154734,25.319583229937905,84.9953200439725,6.9036991937652346,46.23069616625902,mungbean
25.302822499305577,58.55915562821415,17.158811518718146,25.95582550804661,81.4889757378857,7.342479664006596,55.29648721920779,mungbean
20.457888728825406,47.18279832200437,17.550369121409837,29.780054315486367,83.48039270356578,6.595969384218001,52.2615284007048,mungbean
20.248020247667114,45.82517003251077,20.031725616587224,29.590710827586154,91.58597230193533,6.934194492898433,53.623199565369866,mungbean
20.200583751595502,43.46101068415641,21.961958696705345,28.342481649201144,79.309485405001,6.568772150629761,47.41972083562912,mungbean
18.958168531886084,54.408677972710635,21.43951711070665,30.746349835777295,86.05370104660864,6.732555134570031,41.44381527672826,mungbean
21.047718132786265,47.0652696283772,15.8986583478973,26.92094506045921,83.70686960593456,6.865391817622289,51.22945078389994,mungbean
18.67472607213918,49.344348012709425,19.45376321195445,22.260759950290087,83.06119187219383,7.131595456056951,36.22735970360624,mungbean
21.45076480166216,54.92630607092644,17.718161140968558,28.00429816085537,79.78393497108831,7.350892456665429,47.4166716110237,mungbean
21.186507371176074,53.77150232752811,21.984435183936444,26.24874253500652,82.41088830365074,6.8979725218093195,43.63115261455942,mungbean
12.531026751517892,46.73379600680461,15.559362016625572,31.232563507127452,85.7071505510526,6.33792997730257,43.109573097362826,mungbean
13.442409648504318,41.502690566097485,23.048969607622098,32.463572290984786,87.90558605279584,6.663182984551589,44.97628437042258,mungbean
17.17401674569455,57.2988294966987,19.433753894406877,32.231259660125005,90.57407803844025,6.0036814274614905,43.338333229684956,mungbean
18.323819503304712,46.6007681794713,19.81905724065874,33.992478190796284,80.69108850210097,6.791587974265756,52.31555419727462,mungbean
20.993711982123216,47.55090288890679,16.865573317080237,28.212972389205362,87.04559598469748,6.8310402337084515,51.99140632738464,mungbean
26.650431602544927,51.68483270957171,20.21388384049231,25.656483296233443,82.59997890115552,6.612147539233034,49.766420819390135,mungbean
19.08666895400242,42.32133400407824,16.435403932638987,24.697644481888936,84.06019718490172,6.112133823171878,40.996320210898254,mungbean
19.42439250862279,40.32041345304283,21.13925656549609,29.480446127211373,82.80229192089841,6.525189076956,51.76200839097354,mungbean
18.144019611061285,43.08633044201353,23.58949543455887,29.768375477425575,87.40620000937568,7.070257848557637,34.15904892242846,mungbean
26.415342187172428,48.96031058291871,23.032344152017206,28.774323558232727,85.19569929872063,6.589876315055179,50.570010638203435,mungbean
19.75300836438179,51.33938050032556,15.2406300663434,26.916848276411443,93.17929299390659,6.4495678145710436,46.329213938555654,mungbean
17.469676266599695,48.67922836442912,17.791205329573415,27.6287781303859,88.39546614414029,6.420494632474074,53.52027783485654,mungbean
24.288917262241426,52.274780473596465,20.42162298475412,34.48251815395357,89.21813478616832,6.829951049762731,41.86852910142785,mungbean
20.611763496503436,54.13163488450017,25.128603846878807,30.956658200880458,88.14076922691848,6.197735917481771,51.41013272477969,mungbean
16.03439048778801,39.562644033096205,20.717476053731716,29.0463988945395,88.61350839392321,6.898854496154438,51.72110190019924,mungbean
17.061389660030493,46.47511657657667,15.478649643096537,23.99326174119961,87.96257083937229,6.398750242483617,54.107489515001376,mungbean
25.433390311520157,43.90341337688401,21.770933283665897,26.677686542772715,77.6164845014927,6.749323761776983,44.703882841989675,mungbean
19.239643957651474,56.87671558922763,15.422429051801984,28.76574227074294,81.020771051421,7.06330456370693,50.08901865322546,mungbean
22.517377396722456,42.2755519119887,17.70323626013503,29.85450101469177,92.08319088691024,6.892123126889675,41.71805495459997,mungbean
22.355754089848272,59.13736022168805,20.307268432156736,30.9236817187872,82.03868253664515,6.683165579345445,52.3369564428788,mungbean
22.589313233051456,43.1680565994442,17.5714476286082,29.976568806205318,89.76620325060058,7.304857423248768,60.627513382770076,mungbean
21.538477745290386,45.44400377884203,24.052972816335405,29.426138563703173,81.07017896532963,6.286545733792436,51.443511409494164,mungbean
20.290901354064,46.86785022629651,23.217600094130585,29.518074289970073,90.31949299367372,5.927385557450654,49.77378542054841,mungbean
23.778754089588826,39.36707071656158,18.035313076070082,26.31902967534216,85.08679268423967,7.351141587477626,62.15812583265431,mungbean
17.74284978770687,49.632786252467874,21.676393556426945,28.775251543029494,86.59591853895694,6.821497000980531,59.81299084564494,mungbean
25.40986605747223,41.69923051200866,22.38716324264165,29.784746749022904,86.25986914860715,7.152569748201092,49.31651824009326,mungbean
21.801870884305004,47.606202723385216,13.945267742600993,27.839203212188252,82.32699770218171,6.225420808722977,58.03812799317666,mungbean
23.016830074137832,46.85084459527726,18.30558994669272,28.59233916925748,88.96574437327006,6.369213662581224,47.96620139406373,mungbean
24.47226599540469,37.31999435457935,19.82729071278379,27.141417258904923,84.46468056897986,6.499348577451239,48.96337223645107,mungbean
28.694508881690872,45.38038763035725,20.87513302728232,31.989492836818226,82.79993768650978,7.425870139571588,48.03726104638975,mungbean
28.127584903459706,50.7510056247316,20.921325087747267,27.868738636226826,82.50383424048316,6.730316619985741,54.28153021314017,mungbean
20.947554276013317,45.416885974690715,19.24765239746668,29.984953227166105,89.90064582039942,6.433139794492652,43.319884997867575,mungbean
22.51743567866845,54.63766032378627,23.43797092493768,25.496295575640175,83.94369612003256,6.327758578124195,46.12741234659319,mungbean
27.417639984141417,39.88699675608491,15.14340412015943,26.342891693132795,86.14924241030397,6.948301928256303,51.06213904403073,mungbean
25.702741612924065,38.18457202883035,23.56500961507681,27.375809359907418,87.92597723921946,6.170629829294718,48.03469687906349,mungbean
21.945083082356053,52.77875518749209,15.244236132176704,28.06150509706981,80.65905883543142,6.90219841768331,53.440515755192884,mungbean
26.148680970032352,44.324852728458126,22.78167945706637,30.721803174954108,78.42701212057813,6.944937968039381,54.709578776460745,mungbean
19.965094454450252,40.94613211237446,22.828867268328988,25.600982344884486,84.2865942619564,6.683950376878669,53.008766361928,mungbean
18.49347376194987,43.57708155586072,20.296746436289332,30.0127809552395,94.1498000026126,6.09700752008849,50.207394124506045,mungbean
16.653859895062833,52.094056216033714,17.1843663580723,26.650703563635354,82.64291656374401,6.669520424512078,50.26238317801095,mungbean
22.934805574434055,46.971162269086086,16.010326932678257,29.45557230062038,84.78816534534789,7.16469391600588,43.04582854364044,mungbean
14.590901090596022,46.829869986584626,23.887858064852793,28.3218842732321,84.20132080330858,6.351861192937027,60.30436526676576,mungbean
16.881589620460883,43.3730287118588,21.71010258825207,24.28795862022642,90.09836266152536,6.949677245686942,54.29461750267777,mungbean
23.232468047798616,46.19438241271815,16.81055386953373,27.71984911755008,81.09905475298946,6.894462124030554,53.647458813836714,mungbean
26.90723452479283,48.85883820276432,22.77372606978556,27.405710525539714,83.08689144796722,6.889468756326721,45.29468989098164,mungbean
22.07674315531063,41.694039053322896,17.355116952571098,29.27081860203658,88.54676030162439,6.305737532413328,52.694300173544946,mungbean
18.869057307858903,47.08252588100155,24.25083324737194,29.614974468045897,88.18348795208877,7.463516143382787,43.072844612651416,mungbean
17.056500100029815,43.38938864885705,19.236496839780155,23.290898771416213,84.17028705321276,6.482171707242036,53.48631837178459,mungbean
22.409677516040162,43.99651686115332,21.769882536088712,29.44652611964754,81.92581684083436,6.502790297847032,32.42245769031412,mungbean
16.637360102522862,43.28765219788211,20.222498529818065,26.10923464128037,82.94619205180356,6.2098677273669605,49.19779728971889,mungbean
22.70285837833963,49.01182674209911,20.03708339571578,24.91785400699721,82.5201853444286,6.537077331072607,45.17693280955562,mungbean
21.299924871959345,54.127706861855096,22.4362886380538,26.02496444030261,87.71361150118653,6.956120947066295,42.357527689339044,mungbean
24.395463690541757,46.19811682027368,15.770139529956666,28.910405449274283,85.8678472944581,6.608928948325669,47.7378284051169,mungbean
18.123658084446152,50.050652518985544,19.869648096473224,28.332897687896455,86.4285676977155,6.23816575422947,41.740018846825635,mungbean
12.160222161535163,49.82371129245203,16.363369928759703,28.265139419791304,86.48395289975821,6.940941135557008,39.57188160314759,mungbean
20.739353527437235,55.351402103938746,25.14294403995295,29.974646188053903,86.34997255527536,6.297957444461849,53.03035137773737,mungbean
20.367915085012637,49.80264137636422,18.10146963544365,27.654133774320144,85.6565894403057,6.798511236597544,51.45605900122174,mungbean
18.683220061900403,40.28357773944899,24.874355119699384,32.978508338046716,86.78968284480952,6.170403162107956,42.58763418209986,mungbean
23.036470276203875,53.70557805840643,16.361328096374432,27.7513343583022,85.78372825777588,7.04583138051435,45.59479233919735,mungbean
14.7447412347123,50.10598779726451,23.374387895513713,27.83481707650968,86.62096036522573,6.510203508229172,42.07959043691874,mungbean
25.105702722188873,48.9374792390723,21.47110579820565,31.004230295989228,80.78063066272571,6.479189492736231,49.105533441842866,mungbean
18.74274704895503,50.91568267636225,19.437802337288048,26.01493438500562,85.26308670075065,6.7681355083227155,54.542774440274314,mungbean
22.572563612589697,49.30573195679918,20.960875052021674,27.62355495741614,82.13512353955494,6.81553534066375,45.66812663881451,mungbean
50.138935722646096,75.05309376863931,20.898517397054825,30.756933878585972,64.56020474509411,6.72166288059586,66.05444999010231,blackgram
40.60840020043154,68.37673884666798,20.408609101047478,31.84266039575537,61.53922964153566,6.895077317837297,81.05771011768843,blackgram
44.62588953515889,64.65537434720007,18.67836649314329,29.794572106650204,65.15787061140692,7.241804927671583,90.81493471489848,blackgram
41.13853936697591,70.97558890255151,13.940569881429571,29.03020001444233,71.14407501358302,7.220694617406984,28.49796873621647,blackgram
44.04413921389718,78.50898636777262,13.012277241640621,33.03877535129102,51.14022184687036,7.381399683516023,67.92216236588983,blackgram
25.900172708532303,69.67682696343871,22.452519247456177,30.727774007643145,67.92413818529806,6.976497166298281,51.24749220301081,blackgram
44.15118413402239,77.49852351667778,22.388742562682378,26.024248340797307,57.42552796394533,6.846209677460798,53.66322093847871,blackgram
40.26513951733624,69.36049483108313,14.709240150272898,31.554256918551058,68.00551972010007,6.935552262546889,66.44730212614414,blackgram
28.301192946081812,65.00642706227755,19.02215492239098,30.33749519045638,66.89438456010087,7.173272522969171,65.62090672460897,blackgram
41.717169655325904,73.01219195986148,18.713505780071067,30.635189781663353,64.06914468667941,6.905972325056128,72.70591700225845,blackgram
36.668644334978765,69.31688140595314,19.084766114530137,29.392130646959714,63.3592858392667,6.947563702275294,53.187789451198874,blackgram
42.29737057097015,68.38928095166992,21.54901075734548,28.93708619538641,74.47691812738334,6.98607921564511,60.12401322024774,blackgram
34.037890480944014,56.596465580622024,23.597883677179382,32.742134781537324,68.00372581442379,6.831173357667265,84.30140913403207,blackgram
37.88968503087006,65.38584501264009,23.311777241308228,31.317821168961743,76.00551569377296,7.174616678095705,64.42672280379148,blackgram
36.329170699241224,55.91802293685624,18.164212681581386,32.28918667765476,67.99417086328035,7.106092401968121,59.04559000565304,blackgram
41.36123810807642,73.07688223117223,20.292157769409954,30.333470339266718,61.01521173359397,7.360154544233604,39.81285663130237,blackgram
42.29707425319087,82.42193188566759,14.474879838004458,29.51726109059727,64.96044504937637,6.961225155783026,77.32736818303081,blackgram
42.8347060861318,67.91380223528391,21.39181768350784,30.033501418143484,80.89932244411757,7.1454040800970215,69.75753888640735,blackgram
29.73719170256035,63.739298036179456,22.44213304539943,27.329086299280256,54.212214128490224,7.109694641356272,80.3367005672748,blackgram
40.254287372176755,64.98325238424194,13.424536186777061,30.904508245404386,68.30637554441522,6.56548025026967,78.21079203827497,blackgram
44.59417315535266,73.79389565528408,20.750575275500026,31.307365417622638,67.6036044935087,7.360541696450358,51.631180077884736,blackgram
30.993643398270912,62.58395259886137,18.61053948498234,30.77627384661636,66.62340826614425,7.435131743436809,78.33645768722316,blackgram
34.765689350237245,68.43145666030283,16.456505356834484,29.623505923292868,66.60895684524247,6.077386377058493,89.70119635675715,blackgram
43.39845206438485,63.42578034751956,24.782109265690686,29.30513765902761,65.66259692914029,6.953865256880712,82.86792653699005,blackgram
39.37009176216472,67.89690460443705,22.611346459076337,31.170278914922154,64.72825967432964,7.433117291707238,90.84634906485157,blackgram
41.90446269279653,67.7005605272354,19.511881250857243,32.620859001663035,62.00401132483539,7.016504732086501,54.16301345786023,blackgram
32.89679282416016,63.89319998381218,18.83218901781873,33.53816665154024,67.67996402462612,6.826376446943062,61.44817563172296,blackgram
48.248492099383924,73.75966209177516,19.08444973067261,29.114947068922337,70.62466417852322,6.8020018619825935,71.52827358251771,blackgram
53.63595394535999,68.23213409350875,16.673171562215188,30.820737405343074,62.64995640492326,6.681765246873975,74.30932424184896,blackgram
46.70700640329834,65.13455996756457,17.868292977711178,28.07686921775634,64.25032199766217,6.931289485123043,58.9007058196707,blackgram
51.35301298239764,69.79895690049705,20.717185324088057,31.766799137864854,68.85518108379902,6.976067014160985,70.4529736067432,blackgram
38.385817094436035,69.63078174865996,20.025072657874492,29.234679478271595,58.353506385391,7.143871117089652,66.16157460973432,blackgram
28.65776651374745,70.0459706133323,21.896026336728326,35.056712950417904,63.04401248339669,6.938386431035279,58.01521072604683,blackgram
41.251851438922046,68.21390908335013,16.566110995639754,29.65014023599232,55.106671665553215,7.377913024349974,61.0638866629505,blackgram
39.792061891522124,58.43983947221332,17.25293920161528,29.440817692964945,64.94354576519585,7.243919754656753,80.95167575137599,blackgram
44.39626565661614,72.77298725887746,23.338312329829414,31.139415763045395,64.81646402190502,7.402733571876516,77.65708357365492,blackgram
43.891395027796214,58.27223441778338,16.475619540716057,29.450291791939033,68.8981051036795,7.093596074278832,78.23181770105506,blackgram
47.89141977246569,74.19502281206324,22.616621693440862,27.926012190682563,67.41317749727888,6.917741287713374,53.15840301776721,blackgram
38.275173207664984,74.94842179376352,20.38222603035539,34.035618743211785,65.88615072634056,7.834340826077872,69.59769102965346,blackgram
40.13488177692242,59.32365947247102,22.331688220878302,28.99574974211904,61.764761802956365,7.4843691691287715,78.42400401916362,blackgram
46.79230820326407,64.82685319567011,18.847072404084244,29.880291204608298,68.91259090336199,7.566069400548269,71.31331899678567,blackgram
51.84934651214415,72.38316650819837,18.295601817656745,31.65742281225795,73.52970139354386,7.6994866950024,78.68202210139172,blackgram
40.15404672194799,65.69984047566447,20.728208510684173,33.34794899054209,67.16884561107226,7.236359561560643,68.46258068885383,blackgram
38.03265362421273,66.02719296013649,19.40627795573659,33.436199992479644,63.80143110734599,7.115783622773414,60.21160105634142,blackgram
44.29978639883893,75.2000750723097,23.873493537870267,30.40672904939142,67.87177141639617,7.053934903348988,72.7521681172507,blackgram
41.88379091499529,67.34958632350893,19.41326107683139,30.9038445667873,63.52923782577218,7.0272509623765895,83.36625812304398,blackgram
56.263280613078294,59.77379830879573,15.221586386871824,28.0856943443837,64.48355792480723,7.368734153311177,73.32127647843444,blackgram
41.03218682068281,70.1736132817474,16.923741530114892,29.511754456494764,64.89952725812101,6.624735098338444,57.54820815749663,blackgram
33.270603632334044,71.58464934210265,19.736064845717248,31.222122400147885,55.80172505098768,6.654929994184519,73.96893896230846,blackgram
23.327982150003695,74.34777614559883,13.53004856943163,31.686689783849957,60.557076876215184,7.414671114551474,96.87344822524845,blackgram
26.360934219273247,71.1722628871639,13.575511859218782,30.853537844435007,63.96613918224053,7.138934696738553,59.79482351304587,blackgram
44.683246656979,58.309852972177715,22.72491178869622,29.181499386779635,57.986546612984554,7.578481047002209,67.39391612471762,blackgram
51.44581582265216,74.32813677588005,16.605562885640694,29.830020398126504,65.60518969831787,7.557890959995931,71.93765942030403,blackgram
41.057755726578755,65.80072247741015,18.848328892436083,32.609184171356645,65.01852675398737,6.981500818610547,62.91943550947682,blackgram
36.677409076983025,58.58742402374341,16.748874075020563,32.99684055130064,63.96700369716252,7.31132350056683,45.691191338892494,blackgram
43.40986785379528,66.03188377378532,17.555679931328473,30.361919914842264,62.52087373093986,6.4628375240334925,76.30023147054743,blackgram
41.45810536808916,65.11634527151288,16.101443883782686,27.06028496778573,66.11946353534029,7.584032288067608,69.82849829066934,blackgram
31.703430363443044,68.35070036223041,18.839971113259818,31.728087252148462,68.03366588705863,6.204253239767023,72.90717983985611,blackgram
33.9791235429755,58.46962755130781,18.43457976887931,30.821942218060023,56.79632694856588,7.311372925117265,74.8700496277844,blackgram
40.28185717779699,61.79425821863771,16.061865987432125,32.051864263160454,57.44388656752048,7.419341138245753,66.51320756782607,blackgram
39.424993002142855,56.751473767520054,18.55985010961424,31.227171032022753,58.3179495607401,7.249590760175553,68.8011102831112,blackgram
36.13746631700616,72.12803851894783,12.393229693064331,30.69336149748742,73.09717579036646,7.531982941730198,71.5082604848467,blackgram
38.18991534321493,63.185184660714214,18.091222618283073,31.087614495835812,60.96378097270292,7.327227145415114,87.19844466202991,blackgram
39.62870058923563,58.93363118030017,14.965765761050761,31.55313110342315,64.70126910519778,7.363049268819216,63.19729175756586,blackgram
44.98374128523899,66.05020495930165,16.802487834028152,29.198003042395232,59.01472822288382,7.696807867574483,67.13256367797362,blackgram
43.86708453209317,63.778785202775204,15.84421653406053,29.53223897816413,70.505962666896,6.943780462580515,60.165212245435264,blackgram
40.93278546621486,69.99413560430646,23.92854450655955,30.70750095674499,68.21996339265617,7.315782571076096,57.62286156260633,blackgram
34.220007577182734,60.496622262366095,15.003562732925063,31.590919749740806,66.45025045831878,7.123848818927435,44.665551361379585,blackgram
52.33286115171171,61.63436797507867,25.155438267816873,27.101517038697367,60.937994207217315,6.439145185247111,71.25912478348428,blackgram
33.39245907513261,60.56199907540987,14.882457348476809,31.554710125475726,68.55731825783774,7.643610167323636,61.82864041034324,blackgram
41.312916226280805,59.26398881558829,17.994882931794045,28.962309373437645,67.3222497874771,7.405106541925457,76.91960021748349,blackgram
34.94312636669434,72.99080742773799,18.867744588676608,29.35080620820597,61.45744256590541,6.932019261691534,83.6808246157661,blackgram
41.844464598964144,68.04767108500722,18.21325942438916,34.89195722287606,71.52505244423213,6.883681365560362,65.53746450765838,blackgram
38.71453273977454,67.8752318696956,16.896322022105693,30.877633046723393,72.26044066019656,6.705911567298751,57.8466793661714,blackgram
37.10104866821616,64.37922663935302,24.995397624237793,32.00341844002968,69.72161176059132,7.0206902919459795,65.42317933891867,blackgram
31.289767517407608,71.6904413682869,20.473163814426357,32.57199472935657,63.94585143321916,7.057466256139881,69.53040975704572,blackgram
45.351385453042575,58.17870626741512,21.208168401215126,29.959008875654337,59.70681366023152,6.47461827420378,66.77173659309481,blackgram
48.68627789964442,77.04810800044837,20.06612863201029,33.9240113276845,64.78529458521628,7.385991065492834,63.93892199984215,blackgram
36.91240696429511,62.93494529871618,12.818413158627063,32.57418451989383,61.79183780430992,6.85956836607344,57.380254865485924,blackgram
38.7738433807823,77.58095386335846,25.281336552468154,26.678266248395833,63.22776002011859,6.78969266897189,76.89503967090369,blackgram
41.71956128376356,63.18058403572099,19.217719241773057,29.045162757184585,73.07123047187449,7.264087854504811,74.02841078824794,blackgram
23.998495131802613,66.59926792702713,25.249632877177103,32.65225814007337,55.76455207039848,7.0059722501949215,57.186324806731506,blackgram
50.26660936217722,68.46566969365546,16.696613320805692,30.068315887081578,51.96317235465758,6.774511608963027,68.32799353243679,blackgram
45.074052210719934,55.35211527641596,17.85653407689271,32.019371477037645,57.742733378133636,7.168754850435252,68.59377052795404,blackgram
50.286281922139615,65.61918284133017,18.485198204874788,31.709919506329378,58.36825665975328,7.033735038034742,63.8984749024354,blackgram
39.1665291237694,72.09043869377703,20.66248445524652,28.502635382942646,65.68349601663606,7.547132484230157,60.51770871082425,blackgram
40.871000682382075,65.84103593836822,18.81098495248967,26.738684755501197,72.05381427156102,6.867694429733545,77.2346477313818,blackgram
36.27174035171493,63.24697208862544,22.6393697513964,31.98776920695585,66.04332949481991,7.328345164941895,65.4030249776924,blackgram
39.94979423368666,63.03025364521709,21.71219484790078,28.613173337665295,72.42578172468926,7.005249749504053,68.18457707614701,blackgram
44.55236812392601,67.14318652713749,18.10627505714407,29.939953104383058,69.46909176778792,6.901144333358988,66.86386693454061,blackgram
40.06172036402485,72.18751117316594,18.70046387838569,33.616598188987446,64.21730711142452,7.028694908478416,66.46071090544041,blackgram
32.10015142805194,60.77963891944789,17.40799933078272,32.27165969770026,64.83436970318995,6.954606743115288,79.03881271045935,blackgram
49.30706279735357,74.53229476544657,16.440730008294526,29.009502759612687,74.06868035157359,7.172341907600006,65.5913564159353,blackgram
44.310087767985024,73.04379440414867,17.285651287215206,30.438879917239863,69.63280034608529,6.7519138562120435,68.11110911683525,blackgram
33.31366208169571,61.09851701843913,17.310699767559086,30.95423907575894,63.389886856809326,6.905474562509478,68.46399106992463,blackgram
33.118223630401424,69.57281930700346,22.394160285874932,29.841591918023976,63.98675503349896,7.212032105964671,49.74377523051609,blackgram
43.220904739587205,85.61131482246918,18.631971336655837,29.761749932567337,68.71803500049842,7.593599800459388,76.77471059990721,blackgram
27.0663587284987,70.38039302597647,26.715790435725026,31.24488209351893,59.226990433641255,7.184548887325584,56.4738147379304,blackgram
47.39682213561316,61.264704471832445,19.22273090407607,28.284439996016303,62.267759712260045,7.545845193758148,68.93111448404328,blackgram
36.64478515764568,60.128632174679666,13.38489554080169,27.497438732954627,65.5597962072219,7.394070130616798,62.95683656820019,blackgram
25.28217440287606,63.69499746663064,18.285964831360364,21.761269838988245,70.94457040740714,7.739004245617828,35.42909823438281,lentil
17.615351725461206,75.58867908230022,14.659163435723196,26.700051720913258,72.32883320124543,6.931291525742735,49.3015784256408,lentil
26.04360954451043,79.69055932460688,18.81409836089655,23.4028664521023,59.48011933355782,7.290785660171485,37.76934665325419,lentil
17.98970384803519,68.61613862572679,17.490992461843735,25.83946079505737,80.38707990975655,6.851360563861383,43.38756623543566,lentil
23.061327297527413,69.43750186487313,23.31800731363413,25.494062859459156,63.5094607521738,6.186510044762178,36.28159183712956,lentil
11.657205238291589,70.27603499770544,14.913251560397622,28.766732097758148,65.18147938913572,6.802325232359332,40.93686954877397,lentil
21.489034993080825,63.173013082745534,16.043865987790358,28.565049761816045,67.12772696465014,6.806028228700692,49.8485979084023,lentil
19.035727492442795,70.2980789027101,16.549456292873636,31.211195826731867,61.52228019394265,7.522406530779991,44.86678690417314,lentil
22.22838846261985,72.40534099415682,22.440555265450136,22.478128878507565,71.45381240767317,7.638575940364577,44.447842124548856,lentil
19.138824268568488,64.85932014511907,17.9606912434447,30.13426839679747,58.97459284321877,6.523152471259691,55.66540561848626,lentil
21.49819370355345,80.72222149425514,17.64868408652244,25.378843411712708,61.035938337369174,6.957320467459079,35.35541981629417,lentil
21.73981822662003,69.94084450095403,18.82733601260224,23.828907026201005,59.631476075791404,7.191085164813105,38.973460085779564,lentil
21.047583648196973,80.44670836885675,23.456564465932892,20.48461617198804,61.77957163794018,7.068580296222136,45.5783084679139,lentil
13.402377126870316,70.31189570884095,18.969949314651103,30.742976225811347,63.48062778429532,7.3672013541306365,38.39746958122015,lentil
14.887962808413967,72.32997175885694,22.251192341822126,22.127821821776823,65.14446443890347,6.3473683305883695,44.91268104216712,lentil
22.347691142496505,65.39024900518314,18.25289588216859,21.610613805111846,61.10984951825044,7.603244366485736,46.437549350302795,lentil
14.990768933397607,66.11136830049205,14.207717136500314,21.957520923579363,73.16203843427871,6.843007030245358,57.34438105660723,lentil
18.618608646015776,67.78412782285102,20.92268247562637,16.982237253341797,66.22963594192144,6.88040540477562,54.91623336109089,lentil
22.85871757665447,61.1978498867192,22.726415855882742,24.213056423257015,59.57328064222373,6.978841300348481,44.78338386601709,lentil
25.153861256114094,70.04373217094727,19.616976762658016,27.70194124856632,71.55722970855628,7.21344203771892,54.51678083688972,lentil
21.434729651655154,69.00590878836022,22.71751618626409,24.727311579753582,65.19947909806797,7.588630766918766,55.731544767731386,lentil
18.96729677230671,65.2786905361663,23.389520500625494,27.40125507374564,66.89348752518418,6.771250915924022,47.990179472287565,lentil
18.91316616044919,64.01397092256202,19.387126985761704,25.796272136918823,62.74762959847861,7.261530275443808,53.732994353865934,lentil
22.87959077462165,66.34250968871604,21.267464512565116,25.23388419238012,57.58552412860429,7.169091751399098,46.87678984574169,lentil
29.37419200827723,76.74362517967135,21.133450470803574,25.74751150386454,65.98233353034811,6.498524238546757,35.56607663680053,lentil
15.50976356367374,67.71369789097741,12.683382165373047,23.367034623181752,63.514321801253445,6.813829378605817,42.02965841087113,lentil
17.633944742474398,78.34336296874318,20.98643584447181,23.31909766930555,64.58991326982822,6.888674665739094,41.392267397559095,lentil
15.923479129024582,74.06314412196028,17.740646867449552,21.715910838907384,64.74115793558335,6.94720390125165,34.163774654836985,lentil
18.837014568731227,73.20787960608956,20.3536881565655,31.689385345584913,72.50665689387307,7.479573609900342,62.80051561548596,lentil
22.032625047098392,68.9784212475962,21.921220880293994,23.322290699815017,65.64611791696981,6.640908942768675,48.387907345377286,lentil
16.392363647920718,63.8784290008297,20.240419879316512,24.5868656776583,53.434873185699516,6.317777231475165,39.11640105123122,lentil
15.468112375544102,70.48653997687182,19.65681654121491,28.195838115097597,69.51681093765063,7.328761182473063,49.650377148754735,lentil
19.83871723636596,74.59611045372593,21.758238375220298,26.128286102661974,72.62643122516086,5.9616847029986415,44.2572209551573,lentil
17.776838137393074,74.91609726488942,23.71418499085231,20.649461889369213,73.46700304489565,6.431421925589492,39.15270852663507,lentil
18.06285719069054,66.09076116720449,14.32474816084937,26.9496339204777,69.07641454835961,7.321616638465469,43.39926802133281,lentil
18.841669140110206,67.81743701058414,24.06398632440539,16.497265652100346,59.25833390606538,6.90221633711672,39.48657859050698,lentil
17.966718570915532,67.24354678178054,17.026941673622595,25.193406778308017,68.76889566654688,6.8054934219876,43.28083159618759,lentil
18.33694033338451,67.95538192012647,13.779041303996735,26.384661753883837,62.293992623319234,7.404614029924421,49.54632085385485,lentil
23.68026561687862,61.93397723771055,17.88584007643772,21.272624537627774,60.768852746424045,7.400842169803437,54.92494346753497,lentil
14.407466820782162,65.2503339900963,18.77141298392815,26.756816925429344,54.441138418781044,6.258799967388625,48.93775686323441,lentil
11.203845724328303,65.31921556316678,19.48627542567652,26.24699790979935,64.14969142673701,6.7536973123809885,51.067425158298875,lentil
20.14082370546303,64.11790026829124,19.113168690046717,26.149507067968578,75.30942344870829,7.214529467316632,53.287341135723665,lentil
16.55757041480148,64.85490256246999,18.29386002156103,24.56928206008551,58.951850253182656,7.406373450622728,51.300109826552756,lentil
17.77728855479397,71.85026389408313,19.668697489011514,27.159483942794125,56.93415725884622,6.841735570721027,45.651768832565224,lentil
21.494568398446606,64.2293743929072,11.500207827752812,21.754900846951237,64.63371208573456,6.925553690201333,56.10248873574991,lentil
21.330985762632395,68.48918167538893,18.902826169655686,28.31255014650908,61.45933728705537,6.843886484903761,39.46445127917019,lentil
24.675624194781214,70.35499362200969,16.87743011198816,24.656634969045076,68.05790457923769,6.79971243491109,42.7931762697244,lentil
16.382905256062674,70.03377139544669,17.925837162367944,23.63872679571176,56.98362946966756,6.931056230610868,44.91265936724855,lentil
17.71340660543214,69.19262406493232,21.24400678820769,27.104696415821405,68.31637100539858,6.803731888545712,42.59800998435255,lentil
14.824337434710252,64.44106095597151,19.058950285409708,22.64114163504255,65.57634283470466,6.5138173288352545,36.03404866595787,lentil
22.27762448345918,65.15351242780493,16.488899040328327,21.718458576107686,67.5382158483824,7.449963084587187,43.581556833963134,lentil
18.137746501349675,74.42979103933443,13.568662886925063,30.900605928738003,79.66460181395821,5.817464988231967,45.41498062649946,lentil
16.124211872521744,66.41136937457159,17.74484479115223,27.435277295438077,64.32458055819205,6.535637114320018,44.966889032229254,lentil
21.059136947849638,60.89767203340831,14.061298933090058,30.978228402505962,61.145439921749386,6.845058805232191,43.613227565046564,lentil
21.192350816328567,78.63673953854627,20.739801525187854,20.444904557380028,56.69525943794882,6.740414089869233,44.3906008028004,lentil
12.112194921813597,72.91604552104664,15.741038326355564,29.479904686377267,75.92379558323432,6.80069858694713,48.63383584250911,lentil
14.072211111663194,71.74205795887468,17.50542272969689,21.73829403523494,63.263990070482095,6.7137007966378555,44.04904358197747,lentil
22.798719611265437,63.28815444418561,24.20506899932163,21.02482110152394,74.69258163907158,6.493395751237323,45.99392060478031,lentil
17.03921554608792,65.93762797077287,21.404071709066645,29.499480391686433,72.14314822973385,6.738057467063261,47.10553133442732,lentil
15.871688505326551,62.05069812455183,15.561097282813993,23.68728007904761,66.49763378608965,6.135273936099399,45.72187778451541,lentil
25.064100498198098,74.73146641444475,17.244447770420003,20.80938127215164,67.75898183878896,5.973028699917,52.66092469529606,lentil
18.14565016846704,78.9878019234644,13.819103543270604,27.7544386756235,64.39694697911482,6.767579787411168,37.78093920872713,lentil
21.382991626846866,72.05682430866115,24.35538340589767,28.024150788581778,61.43662802626559,6.498454966552995,37.78905139886568,lentil
24.89289738255788,63.330954294332805,23.44068960691392,26.5752161225862,66.97941728956377,6.777252674975881,49.9640374780135,lentil
18.93811694865279,65.78472025118714,21.0880143599446,24.56808367233661,60.20999132756704,7.139930710184261,45.61608606622861,lentil
20.955640047031217,65.27684084987489,15.372636085957133,30.205221887542827,74.27966846458145,7.253513984504785,43.67313588775436,lentil
17.79872810735571,76.29396467537879,17.938509887297762,23.10233189095811,76.23340805381872,6.880928927354452,56.61055197108307,lentil
13.406432357239993,71.109109296707,25.213247797649846,25.089252233976584,63.41597304639322,6.432899232960633,52.49405832661148,lentil
15.91948766943725,67.43114864366007,15.296493160622166,29.6706838002923,71.92931186435409,6.887366100314748,39.07510638647843,lentil
25.14362819697053,65.80440963771711,15.684385477547444,19.71364596258237,61.12420920863735,6.318144750988025,42.26307498086305,lentil
21.97763493479086,65.7475990161486,20.067080146341134,22.829996021403304,65.39101439818539,7.668360328834408,43.90908353183862,lentil
20.537717750478635,58.60683663518937,23.560318367250613,23.568380113165404,71.303201899439,6.8507278816964385,49.66947619012484,lentil
21.684049708844004,65.2853579629237,22.275719307285556,22.723045408020702,69.66760532016525,6.743917882333388,48.09734769179236,lentil
17.152027990582955,68.29985584823957,15.775918894924699,25.742670954066384,65.26512700975752,6.683938578371011,45.669832201658224,lentil
19.53601790467164,64.30185768040933,18.61372427281099,21.98334417731524,79.07439823376605,7.323647464083274,47.63856463378931,lentil
23.68845170990678,56.12448513989733,11.326960786497981,23.80212681475028,56.72861513838735,6.805357790220668,47.233939843569395,lentil
22.681657993362446,61.17041609434872,20.198892058480215,25.043169079456696,67.08505585959851,6.69209121969856,54.29881083917272,lentil
18.585965406281094,78.64509334102262,16.62883403895333,27.22848201986666,64.64198911663682,6.768903033333295,49.79389204280528,lentil
17.80330608324164,52.02820797705603,9.811395630477078,28.817266480852147,72.38155074727817,7.654936378502379,45.89483051030694,lentil
13.829460792008435,65.482496944094,19.034273546083938,21.978885327144674,74.8914483378432,7.7958011518574954,48.869684204381066,lentil
18.956545013207215,60.23019812915341,23.639301688468155,25.228920432547138,63.265013609536325,7.092469635469816,42.48573082606489,lentil
19.587500692487275,59.34519889492604,22.261261567757302,24.68676687659298,71.95280516380407,6.819545528863353,45.18280174729613,lentil
14.15073028683217,72.55854183810885,16.372480137930726,23.540732880402313,65.00628311649523,6.948489673475743,35.76341835869344,lentil
18.076776538047934,72.77138131186229,17.864985896428294,24.325804737360034,65.97443630505636,6.849615826981201,39.81690698567437,lentil
18.854615505332383,73.96443902003537,15.84647215819873,23.876554331542547,56.71021205638954,7.2765527801961385,45.445850758972725,lentil
15.599201465576547,68.55359360085906,15.389199355313641,21.89951340561878,56.239198820889314,6.47328830497704,54.14402550399884,lentil
16.067526674869615,70.79735073590888,16.491095740132234,27.278601237289656,58.84350799441211,6.915691171104703,46.31710785921369,lentil
28.311221345706365,71.78255172788099,17.22128795701218,27.05514689095154,77.82904682291125,6.248145563806283,40.94510774458764,lentil
18.052409763546827,65.4974706371483,18.001729905010375,21.087303203220273,73.42373632130007,6.330956560609352,44.798723142265004,lentil
23.18332236704279,67.81889085712488,16.061817499291692,20.953973030878128,63.620004823833305,6.597188173659814,47.23138655021787,lentil
13.394195409103283,72.87821442132574,19.346648569493393,25.56950918305743,73.6464606694401,6.724881800651254,41.64509983160065,lentil
16.808945486612508,66.84484058286046,18.727105315626016,22.50790679019468,52.86148848180164,6.675628399648385,48.15895399772134,lentil
19.54503322501397,75.19732681895496,24.866459631891367,27.278001314375405,73.29512385444936,7.206709716905248,56.2593955355643,lentil
26.40341453716507,73.70699102467356,21.119140439273757,24.384303484187896,64.75197631421653,6.764865067459896,49.727509665370334,lentil
16.118607850562604,66.85336274132054,11.9344903444651,30.169269684317527,63.67715250448209,7.0822321749346315,54.74672016826841,lentil
20.20117374976472,76.66606221256059,15.274786563545899,32.19212976879311,71.5226611909326,6.983680996994657,54.55047599575267,lentil
14.325460456042512,66.26831072738304,23.332751189207137,19.398819457315106,68.36274664975284,7.112870463938062,57.815354900932974,lentil
12.668178321111053,77.6577863421898,17.321587770553293,23.658971620264435,57.66797367824124,6.46485918501323,48.42113408472353,lentil
14.550672340874577,72.4417060019175,17.01110185909074,21.360898582454055,61.83314512184063,7.034682876702522,44.33588042841389,lentil
19.136840473331194,72.1772447710165,22.247264354850845,24.069714074231708,58.73466790654305,6.930437791569007,48.82389751662443,lentil
13.157098776112198,15.43756681196966,36.4040655201853,21.37653343383887,86.95586438549286,6.68281629003876,88.738401582499,pomegranate
12.681125211222302,17.66444475395415,39.121735979300716,17.636068381425687,87.57300462940974,6.239582473032365,103.28042463573425,pomegranate
19.607525933157167,16.35368446230575,47.38918150004137,23.464613919200715,86.77154591743471,6.4378045973470295,109.48818382326726,pomegranate
23.858885897991122,16.598470284334596,43.83669348860287,22.125563427347434,95.96626606579507,6.916356581055764,110.3637516551112,pomegranate
17.950869515935757,21.026423638717823,39.09774986436417,27.040921317935005,90.31388031270805,6.2377429469948655,102.4846189671129,pomegranate
14.14785765920517,21.22623651237329,35.899943986802484,25.29444475656324,84.8282597839937,6.4508965795893,121.80268510196944,pomegranate
10.391011741505455,27.073062175168744,37.87357401400945,22.42328614648642,92.28579690206537,6.690451622446222,111.28660725911618,pomegranate
22.989538334825472,21.07628285168725,48.80440570016152,23.566982628563792,97.85854207953236,6.760431536095063,86.33099849078084,pomegranate
29.444410713551363,16.702623566091123,47.47772007600868,22.080380329358317,94.24436103041032,6.124608435653682,115.50893451707506,pomegranate
17.98723781842238,25.316012446359554,42.193340837085046,24.8078279239047,81.34369251410772,6.36577092808455,112.92661962069955,pomegranate
19.894459625758827,22.844628854871402,38.17047877431273,22.146361315103892,94.72490705765996,5.488524398621857,115.0722060196601,pomegranate
17.664460696025788,15.350727501785514,41.6827211213799,25.682353890425965,94.15657532593673,6.345954787637349,118.50889156513138,pomegranate
22.472271593783375,18.650514918027334,36.53459724005896,20.09429790663301,93.35141339547255,6.383141274514924,95.44581336323294,pomegranate
12.2605486579635,22.327325808385517,37.26610788867888,22.991163266967945,94.9588276282765,5.876430209258606,107.45835143384586,pomegranate
18.31722341512452,20.518971502511842,46.195799992102174,18.011644556012776,92.27919179482306,6.812609509997481,105.7634752325186,pomegranate
18.450212028427504,20.67379747593969,41.724085389448945,23.747057822101368,92.24512210560486,6.00721107775374,119.88319797245933,pomegranate
23.667132648760955,19.744331574761194,32.52922346725167,21.655762881999728,90.77762350776227,5.942159904885274,103.67834323707584,pomegranate
13.362522449765834,21.429168899945775,40.829776574510255,17.062650505557265,91.40585944632792,6.377396421043884,114.19697139305286,pomegranate
17.43387026497829,15.794082397027903,36.145776867710964,20.385489350354785,90.07530038632419,6.459183386169917,105.71136146630276,pomegranate
17.306721804013925,17.59438692797807,52.538623927534665,19.687824545505375,87.76811196581522,7.71754164334726,113.05215962952663,pomegranate
13.480077336385218,22.370748815909053,35.44980555399426,24.727184523415293,89.15615088251728,6.224081660204237,127.30997962593099,pomegranate
21.26560541063698,22.89195774979683,42.17459839759973,20.666666428620704,92.44541768103284,6.883686157073784,109.61685652221064,pomegranate
26.206570417386025,22.401948812807635,41.05991274885806,22.754459593053454,90.54894851587049,5.899504485762003,106.91913365029674,pomegranate
19.88474594136467,17.335659514933884,41.68838509352347,22.063922471065332,93.09476756439507,6.665244952426293,110.00583945101809,pomegranate
13.531148434792007,26.16289095472468,39.29054500714428,21.757340638914606,88.62991660520245,6.2046353375737855,126.52869657600628,pomegranate
24.544177281544318,20.777573614310683,39.46249922784637,23.85735395504126,90.29518792707749,6.3239108326707605,112.05727105807597,pomegranate
17.23536901221822,20.00905705601373,41.021104628108176,23.808808063773775,87.52345217009757,6.6840545411506165,97.12426208459394,pomegranate
16.709733393515044,16.884299763417022,34.63974113813161,25.046986850156987,86.1237900952408,6.1204334650373315,123.06489252583971,pomegranate
16.717669192585397,18.247429259447614,34.93985499541732,24.498853622868054,93.38694497676425,6.695578361649379,114.45035793832733,pomegranate
19.294356444077906,16.902493332248063,35.9251534666699,25.86971658028501,93.05921708690636,6.122678309119831,108.47798121867761,pomegranate
17.799539628059946,14.487157177177,40.888256883106514,20.753522007282413,86.18985333481726,5.8083469783432955,89.23435799753194,pomegranate
17.514295489221443,18.65962011830034,35.62349594918842,23.952218282971682,89.73781383286816,6.63075412423946,105.80507051774751,pomegranate
15.851529459171577,19.456470284554456,33.686627439908385,23.618315561909945,86.25140317394747,6.76729301061338,103.93853104509702,pomegranate
23.250134065239667,14.509507245646738,36.6111514963559,23.14280484054571,94.68198837370701,7.066643563325969,108.49639396417048,pomegranate
26.350982523147024,17.841341800698277,45.49383811181486,19.173457009122085,91.68080202745301,5.463322783657422,94.54090786016252,pomegranate
20.86670719232306,13.750244591197905,42.13474805394593,24.71937436243709,87.99471922912689,6.012418817730321,102.30976060974314,pomegranate
15.136750723263258,18.59514576793633,40.51045312444041,21.081969630709573,96.69743696074728,6.1122384721252105,124.69719815106374,pomegranate
14.835043054751544,19.291110279766198,45.91552704274035,25.394071456759953,88.31896840919906,6.622027888028539,113.0541490039707,pomegranate
16.84024328562904,21.463799748592297,49.312460860261865,23.415101995187893,92.26542551628269,6.668861991280283,90.46828071173832,pomegranate
20.840898692825157,14.93296170064589,37.050565296511,28.48582534356551,88.98695356136476,6.10393035828231,121.83099094681671,pomegranate
15.209291988630493,17.21032342324129,46.245260839930836,22.128302695923878,83.75361181949388,6.617595845729048,103.2424094154419,pomegranate
25.15940594612098,16.575252209463464,45.25612986862963,27.32709409709714,86.59622710475372,6.322714791696724,112.66350328973341,pomegranate
15.570616989783302,20.08117978683132,38.87539856247004,21.264797285219906,90.19575357083245,6.428505886231426,109.96656922891248,pomegranate
16.604694618172864,16.779313102600987,39.40706205587585,21.865727076292615,88.24460264021353,6.529575856834407,86.22285901589764,pomegranate
16.078134964364192,17.880288695188582,35.719424064846976,26.887594044426674,90.07544738689981,6.470707871290362,102.20123150441447,pomegranate
18.936884318508156,14.138986142789065,39.15091481952463,19.188974714212733,88.89038566097535,5.376033373479001,94.46396149867769,pomegranate
24.855705618057335,22.32159099643017,46.595196679576155,26.163163809012772,92.69194969665791,6.218852525848346,95.55298864481253,pomegranate
23.586978421798786,19.258271897549562,52.470114081909536,20.904706071967738,97.89158341912191,6.337283283721698,124.0325831671044,pomegranate
25.78676694892982,14.90820028727715,37.575009608545656,18.90106232290441,85.08022204696711,6.666826740209981,105.64045955701174,pomegranate
19.209465292760544,21.22495653989312,30.713065831425425,25.860298011871166,88.60362334664033,6.612960522495143,115.44855407074256,pomegranate
24.483186243055364,18.580570448867867,29.381812704785347,22.171382840360682,90.80282743264641,5.9862956563439536,109.76988785319526,pomegranate
17.555926261094832,13.628984202869958,43.35742447504642,20.30882454730661,88.37448314105173,6.214968461085166,122.82574316956976,pomegranate
18.83633535290643,19.316399282183287,37.79681922806802,23.388600466764714,95.39727219380269,6.659144326994603,116.24240353601827,pomegranate
21.42492082353738,13.479029426755346,35.61940584150431,21.385037819202623,87.0965438300271,5.974185190097601,85.53389110955311,pomegranate
13.613883147463437,17.9738977706296,39.65286816590558,19.620838671608272,90.31570085073291,6.22646654363665,121.08688304848619,pomegranate
18.35349694390065,21.785323525606863,41.01606881147346,17.793786882267835,89.6373672970513,5.905750360268527,106.70254994139694,pomegranate
16.019476731077244,20.527852133939234,33.28822831266899,22.04410547583831,92.28966233025278,6.763038227723598,98.82998690538932,pomegranate
19.0710038888287,19.736587891646295,47.73563139771384,17.55600981774959,86.3555898197158,7.521784997094432,104.7228325925283,pomegranate
11.436024760386902,16.669799426607337,26.15563389267819,22.72276213736846,93.23913904111288,6.035335049532499,102.35131293298191,pomegranate
22.69461662147565,11.999138140615718,33.392143939002274,21.31565445485308,86.99066065013272,6.282453241010566,92.83499616712174,pomegranate
19.857253943686032,18.403067659280044,42.74595247116516,22.601198501440876,90.8267602899841,5.821477058187955,113.91109861973847,pomegranate
17.67653439278223,18.333606769401527,45.24132188195405,19.841693330449313,95.40473731383601,6.977790119749238,117.03341324837247,pomegranate
15.077516756930311,10.254827017492273,45.39417457129971,22.33415518399324,87.01921011671415,6.869424937502242,97.66129342946628,pomegranate
17.303378967076227,21.099561457267978,34.43198584192561,21.6715572711788,94.35654873565345,6.484444297448452,122.96911604188416,pomegranate
23.534409432023992,19.030953337686476,28.31629311821306,18.68268311435408,93.05333644953795,5.779899431885886,104.0796889369566,pomegranate
20.35392245475613,24.87828278304604,37.12490151772793,20.06953687275061,89.79021693401799,6.540365187924041,106.14903807124688,pomegranate
23.197073395543242,15.803424667886112,40.600804666895215,23.335638130741057,88.39906876037658,6.735883974623987,109.7875024949082,pomegranate
22.155382852609094,19.77641643219533,41.88202285743614,20.102824729451935,87.47691317923511,6.889758591971511,115.626125334244,pomegranate
14.908139335110393,19.723453698619327,28.131119732322873,20.27817950890175,93.84411070647963,6.3499417645155365,109.41495203599237,pomegranate
6.934475013919155,17.430985527455395,41.69136111913606,23.39586962619502,93.84942284533746,6.315896899290629,106.0121302485102,pomegranate
13.67153028236055,18.181913843307207,33.692124688011006,16.45638964058375,85.65928251955769,7.003473963121589,104.75326558184068,pomegranate
19.879509452093462,16.946014995207776,31.047244902740513,24.80833937478912,81.31120744057765,6.178082929283337,107.34462142979926,pomegranate
19.921958573719422,16.094121581884522,30.81019258472513,19.596720122993684,87.00496804952135,6.090762601937969,119.64070308249124,pomegranate
14.14558888744343,20.203917097752637,40.79148518608958,24.88136523241501,89.46747251305227,6.716452386879023,105.93335834287082,pomegranate
20.737570106339202,12.988235651011038,26.80860961854446,23.13264056069756,91.72473250415692,6.590200933260753,101.70080982294385,pomegranate
24.95888900884149,17.160488737051914,42.10439509836185,23.783908675012235,96.87496063899644,6.273188152084067,100.16168512525016,pomegranate
13.007418462338707,25.209468026649894,42.1070545352427,23.359183317682906,100.0,6.53001789647452,92.37214313879961,pomegranate
18.216385700028095,15.100870364605388,38.020658027086135,20.792231191736178,87.6519024357318,5.842686997857841,127.11001960406756,pomegranate
20.195392177753575,18.098111861199047,43.78818914757871,23.413201824548175,91.1027629309682,6.673999229106731,109.60721692510388,pomegranate
21.680885827966364,22.0124492035111,40.813593675164014,21.338816519511653,96.12159120581563,6.208839384090627,112.69576320512815,pomegranate
20.655633642956268,16.56176859094546,35.96088807344253,20.938443937390446,88.03113258729756,5.816747775344454,100.1820590097687,pomegranate
20.06489193853825,24.063774336594395,42.77195667586817,14.201396504889285,92.56521485902931,6.176739285641713,113.43696089625315,pomegranate
18.94345896315749,18.229249495652688,39.48882136018929,21.93272707519066,95.37761988836098,6.392135925165966,121.0264335981744,pomegranate
22.759623463382628,21.668182190334612,31.06690589935161,25.349897968484818,88.16839482345765,6.686290912429909,96.32960600111504,pomegranate
14.259703826786977,26.905554947324795,35.21508466580943,25.43831991715524,90.47368128574608,6.231951976655932,107.46205338803752,pomegranate
13.795622013874755,18.944982481563077,34.5862984305202,20.813668617058042,93.70119825587831,6.501676270623063,90.21395401343375,pomegranate
22.405952507655478,18.97160095236343,37.28907365795331,24.240028911726792,89.331172652092,5.933735464037715,130.17371653739525,pomegranate
18.93085022843605,18.674459182071132,37.97447414134705,25.53989721837277,87.90048596743183,5.782008056475359,99.85586805724826,pomegranate
24.307098401819168,22.32852864582847,38.72492173670069,26.11976542492142,92.99176891528754,6.293364254546158,106.00908173878705,pomegranate
20.31727092778174,15.672452201344736,40.02252532754675,22.92554009383987,83.25213504556584,6.324271870972841,104.36332577561174,pomegranate
23.11227207984129,11.622012024755865,38.092469901481444,20.55473605790624,93.84028385568641,6.382581372254044,129.55313574782843,pomegranate
21.648853527625548,17.359108023241923,41.198293482794796,20.937793571891625,93.43758436196168,5.867120914683595,98.115648281144,pomegranate
20.822759674219686,23.903025794894482,28.990157019304007,26.123413647971248,89.43945948628797,5.646450015225135,71.97926589732793,pomegranate
12.882455736766882,18.921180576618394,39.67050981095558,23.89960130412793,87.80205128975615,5.956783781421532,103.04296334806928,pomegranate
19.13444114764631,19.92309117982111,36.05417650363797,24.70434010100608,87.51441291310387,6.052113055070039,101.49130188638053,pomegranate
23.29936070281043,18.468814188237364,36.52743248465114,24.778323251345633,98.57099415979499,6.483873053723579,122.8061095303852,pomegranate
23.144311802299157,16.577440993366668,40.13317090238116,18.15236611088804,89.18023093455346,6.149523852349711,103.16536851389237,pomegranate
16.000419874478652,17.85161276721773,42.661163431324574,21.641524268680012,82.54250720897846,6.101551774040606,89.76720776930097,pomegranate
19.97624090392707,21.01326945621675,41.28274110927082,19.637786820101837,90.98741571652486,6.211954297692451,94.34129460299697,pomegranate
21.96771967883572,22.27211101489509,44.74447740541753,20.174954199902633,94.71744925077232,6.202567099468773,115.84201585846216,pomegranate
95.9126987058666,80.4321248537796,37.894110713054054,26.39617357116617,80.45544983392514,5.835980153054464,131.34282102127708,banana
90.70027131739779,78.05493134027252,45.47563695007074,25.87244604200906,85.15706531470353,6.5912127177307855,94.48811083621587,banana
94.21593965821437,73.9000994598426,56.53142693259652,29.242008813832605,79.47009100005607,5.441560321477248,85.40006151815622,banana
101.36503560307675,85.8453654291255,39.66927597489426,26.357380178924235,88.09147944778692,5.9129963173478854,127.34457136185935,banana
105.19236903164547,74.4100427941525,48.53664353324072,26.742611522910593,75.23744215953246,5.612052790875623,127.6015288817784,banana
92.18111504245638,89.54905253486076,47.817577608174915,26.948721340233654,82.80922209119286,5.7605765308381285,113.518564702418,banana
83.62856240361295,85.07795171890245,37.65734937714182,26.546306546603084,84.27121492659245,6.24891812242335,85.52384281557089,banana
90.64268483125187,77.17929571774155,50.931079311790675,22.936133619912592,79.9338821207572,6.124571749520026,100.75444228693524,banana
104.20256774442441,83.56606910828343,47.291728703005525,23.12762127948102,80.66706540785411,5.618769853908009,96.32486062707682,banana
103.83299374370469,91.92133368404046,49.80969938278996,28.108129672891742,72.77760329423555,6.098209432398014,104.10141093484256,banana
109.83382064500945,78.2167906677987,48.791811914188145,29.11762893426559,79.53983103802675,5.5564634474850925,143.27449909935183,banana
91.37125789330614,81.54709942915333,51.73344078012806,27.535235018062227,79.05128147996801,5.926095851789476,101.47602200568068,banana
91.07252913126902,97.05153450095911,48.90004541143311,28.19386198564619,78.32673571159198,5.858094531057807,98.16834505995524,banana
87.601233696086,80.87565201915461,47.96496172840285,29.343049018369555,74.01649941207742,5.769141128978058,91.52339299868876,banana
111.54024315209448,75.91414088601731,52.81149922363068,28.94032294681196,79.26938544292295,5.449275599623813,84.53769211854464,banana
106.87811251836864,73.175841868401,51.960133055299565,27.228698219641192,81.88566242155514,6.188633923138355,90.99493823373147,banana
92.19577456788207,87.00448993870282,46.85327694717802,21.499703015989702,83.24377648941932,5.585495484772492,112.0070381685788,banana
111.14257479453576,82.11733720083363,54.97882915831765,27.307595361072405,87.93714664070573,5.575157156497157,104.87677529375266,banana
105.38529284033174,80.66711770092968,55.76109498326335,26.13592092097844,90.34685575814444,6.848879001708898,109.2310799434095,banana
104.42080944283694,90.34170004937246,44.06401300516317,24.37599997084442,86.28209456928818,6.1095953891492,101.60242131030316,banana
100.08898642304929,65.29770969345151,49.04718842771499,25.493906521613553,84.59035816807541,6.398012311353602,113.65020351194866,banana
103.16366919039314,71.51857275895813,52.95321539998437,28.258795891046766,86.22596326884366,6.8472839249720785,79.61158989642587,banana
96.8921853950543,76.80413353989648,50.86253594192537,27.026803716436078,78.82958963459927,6.411041744560469,88.47878683228825,banana
91.67102826085915,74.8304231023137,48.19836206287007,24.542819568176306,79.75714255600364,5.9338039221476535,93.2022732900138,banana
106.99013003244957,81.58349630199284,55.31323682015902,26.609900297591135,79.87902555884322,5.774887038127316,104.89430189196773,banana
105.69785044905638,79.12066037410791,52.59205981267332,25.374506077908517,83.79525282761105,5.768037669075229,117.77519809843575,banana
100.48781233946931,92.64667613373744,44.229661368728955,24.047646453376263,76.91891377012216,5.446155620786275,84.25897658357584,banana
104.972406083679,81.97074844611139,47.601595116478705,26.226074805389135,77.0138116783683,6.660147667127617,93.96741438535445,banana
89.4229288153336,87.5723543224043,48.9212218832609,31.07754737763577,77.36897180602932,6.3383936719027165,121.23295995898957,banana
95.82931334238397,76.79955462463676,53.70683265465453,28.14978383582786,72.94694949644537,5.548625745478112,66.95354992577992,banana
104.76309483183041,80.16720964804978,49.18924789512359,23.617111804596295,74.50948823455337,5.808816434972973,94.91511599778269,banana
100.94268860414105,86.0842768864227,61.34806284642599,26.95996593993815,85.57701331548473,5.66801088920809,79.87580527536966,banana
97.181586826319,70.81594797488032,50.073365835845514,25.43909175098267,70.22864306622708,6.69441005834407,96.93657430341929,banana
86.89904557644641,88.28720253355102,46.35692818730357,29.180332067381325,76.33302832660975,5.783640923894881,110.1724756421557,banana
104.74575504563288,87.37938616138419,49.551294306353356,28.057233443109165,83.7281430346171,6.08022765542674,102.86012830103556,banana
88.43764041415096,86.19421909745992,50.21086849570575,26.172768295298585,86.3888318179583,5.428866546834674,129.6605447304733,banana
99.82181377092428,84.22262724952029,48.02477942734865,23.66585417495334,79.30195050767111,6.133897962757117,115.14338169603892,banana
98.41573441248879,66.65222111156908,42.29169327708687,31.104039247526586,74.53732008113943,6.570819783295684,90.98869893873606,banana
98.54035272217706,86.37645781719932,45.89902776709563,30.18443027151811,80.37864179034206,6.184340338519868,100.98589487971311,banana
105.26976229613672,93.05154917894903,49.34357031188393,30.459425581498472,76.94202095810441,6.305638415740684,112.33671504364575,banana
91.45134341854104,83.49666793246132,50.03682968925187,25.29361564744631,81.79001217097063,6.058515818443407,103.91119579039174,banana
99.45138024753052,81.36992818753467,48.16150189376836,27.279668190029962,76.7804289381811,7.062723796588,83.86000131802027,banana
95.32211138212433,78.45980526796141,60.202467071622685,24.359730700045002,82.12961148993055,6.099357626018616,110.00403457011822,banana
109.89074530088752,90.51080551822962,47.74521586739941,27.388034898987982,70.67948983923928,6.0396372034087715,93.09015858252121,banana
98.50894059231587,70.20239694628313,52.024361433595374,23.606862608848786,80.74142303395793,5.5093977627909805,92.25538447296174,banana
109.2378568203613,86.11542562139536,55.74601568835271,30.11945426500258,76.13580646430117,6.599588664976348,83.01741515731648,banana
105.96880267635923,78.5466359978002,45.34849928680342,28.228939734608886,84.72475762584607,6.3661073546586175,108.22289833342188,banana
101.05565841063391,85.68806609989932,51.51882037758595,28.08271167917196,81.01999730555357,6.337113529802545,80.59188290174359,banana
98.94981219930891,72.3130745430809,51.38351008802442,30.283860351707396,77.62957609026516,6.050900812118886,116.34730072382459,banana
83.4582165458678,78.34522662499069,51.82257829636425,21.206010548685448,75.11595753462514,6.440343189352515,120.04495350676088,banana
102.9945458189608,88.17538347960225,51.075521172107315,28.11078981488463,78.42173145579693,6.046325073168837,95.51444420376266,banana
110.10786675345851,92.65091586651542,56.89956400348537,26.183782476644275,75.23112980317457,6.510789464300065,113.1586080388712,banana
102.62867473218914,77.56457540538398,52.128319063183824,24.82944388067613,83.17031178039517,6.551554679842484,129.4656831586193,banana
105.66819243287853,72.32584915265215,50.986650654730106,31.279363488115425,75.65694204778858,5.9763273708359135,126.20286527701467,banana
104.93707137658868,99.36109427139573,46.33565308385706,25.020488428518355,86.12062717917587,5.5216485486913855,102.04848016773695,banana
99.47482764112338,89.25192631370146,53.071339840126235,27.914129828353726,77.98784561049166,6.486001607632777,165.38736064090898,banana
105.53025679138332,82.69770545282786,43.5106851450392,25.725037101365693,78.93144883026348,5.786159903893147,104.75883248209728,banana
114.2241286144583,90.73016842158464,49.20583641765873,24.583440110668278,86.68683821451206,5.980378290615454,79.10249361596468,banana
105.69944094794428,89.17980678963426,37.87045797532666,25.35089071573419,79.44772994346143,6.293804364523447,97.26380123063743,banana
93.3428647842085,87.09018474776198,47.658388133429206,28.084109301097396,74.44242172512705,5.459066792305441,116.32903736355595,banana
102.0201592825377,88.45719013265345,47.33703499539279,25.40978939504051,86.80359443770455,5.390816494402212,123.77191063770937,banana
110.56403765985907,88.02062659986252,46.56096241494776,25.36695232654928,78.949721135009,5.48198412926744,90.57459001869606,banana
105.15787433207237,86.5454437995691,44.75212586732522,28.352243870600148,82.27151652869902,6.603954501830842,113.53704662801283,banana
108.46864842987503,85.33954313651148,54.89964554848594,24.42576568686445,79.39127771444544,5.984406892708988,101.34375079597076,banana
103.55109304253381,86.44065758147026,51.961285385355744,26.646112237557325,76.32134960077437,6.438874429662493,110.24599224920753,banana
91.85108913280473,80.64418720845264,41.283501611463194,27.070741228694885,79.00810028700703,5.770213219857865,128.76900284705295,banana
90.7507670436631,86.94475066177635,60.933540804659366,29.154535807433376,79.84230608951117,5.546372544230669,84.56906735123317,banana
96.70758644033982,77.19099486260264,46.40226545520934,26.347373089057513,79.48876453557156,6.194084779058119,86.43305670806356,banana
94.5420496309356,80.88229542024263,49.022574032883654,30.672847414826848,81.16123296361928,5.3545640752162305,111.27272042380147,banana
104.36530978195184,81.12410380228684,43.93301662795399,30.516109390626927,74.65058043209372,6.2643088825663735,108.00075793595903,banana
104.80648439223816,93.9480054691713,52.80819436070517,25.882671545912935,85.5299613756398,5.747560219982352,107.45337017092902,banana
89.65533113587368,74.76703140864274,50.25693335218093,27.736173417161744,71.48804688654485,6.198914947200266,92.70856535102554,banana
110.23750412536933,79.53624899822844,44.38188865225007,27.151609115918504,75.41882499460637,6.507578056573251,105.00795311299649,banana
98.7865870152537,86.14260713251706,44.97526280399853,24.421692689342972,82.04175789720819,5.5601317167964766,88.49984769375814,banana
106.6940482497671,85.67544876988758,43.730852287735445,25.761727914117326,75.4813422202684,6.710527719216232,118.59015641355913,banana
96.63324123195781,86.03336282540445,43.21906907034585,25.654707697621014,80.52431632970944,6.180892299658365,103.53811311729834,banana
101.98410808571381,82.54835521967189,49.18211298988841,26.407708815618214,77.86867563661107,6.092775003451435,111.16223383799185,banana
101.58687333855067,73.74982064999259,45.00536074428406,27.797763611896134,87.35836650335439,6.060966184623502,98.82497381284509,banana
101.7947236435422,74.042250042406,56.54471578268232,27.373188289016056,76.65271393394725,5.93328181356285,97.09445651904576,banana
110.49335981453467,80.58431937387058,50.77682873057796,28.147452913302583,76.2961669811773,6.077483786454063,109.11653354091315,banana
87.56736943183503,83.76887542144327,49.771189675284305,27.259932584231994,80.17814856745284,6.103667949180033,125.06014838514237,banana
90.56394070331912,79.60493365149706,53.333093144814185,27.961851735455824,82.29702776671041,7.101430886269335,114.21203286175059,banana
109.0475023700402,79.85049558803244,45.03543813051359,26.37136514153273,83.55980085671702,6.16273114193167,111.0487705589832,banana
98.28524490562297,79.38338166830917,49.10071377853361,28.448950900330427,84.2036371408521,5.597503340131509,116.43513839147174,banana
94.79423015395017,85.28245156288737,49.040171287687556,30.13157709847797,77.90962685509427,6.071444736357913,114.09889736339142,banana
93.00832919901694,81.49000061201139,48.667075576884315,25.972373033188052,77.8013849925838,6.444805839254718,96.021738978595,banana
104.53126306137284,84.20216501421801,43.01509942112412,28.038338876852883,72.93243395121152,6.251236731266064,97.39212535303727,banana
100.06693802605162,72.94004035261563,50.61191161802408,28.85390083594124,75.96517285988689,5.757133165542395,111.81931535351234,banana
103.83694658917551,64.96074491114045,60.077031818913866,28.05710696709666,83.4845933122648,5.942583821335194,77.16969737171632,banana
105.39777649000192,78.0436838023838,52.7196584709167,26.562397859474544,81.19019689558189,5.690001447436302,117.96583414018397,banana
90.49296768433862,97.71898597737433,61.18974317493506,30.265399170933023,86.37739492887255,5.966180656706544,122.49820058620813,banana
99.23058801379098,71.12537720428286,57.51600707015344,29.25764892584501,79.84330446172282,5.50992629706754,96.2069898513154,banana
85.43083532089992,88.61556596832584,41.983455165679096,27.573661740293353,75.78153326110156,5.429318622000209,108.57532639917858,banana
97.32960491750374,87.86732373797757,43.661973656356466,25.485370709052354,68.06178895754555,5.126261327068831,131.9728861496777,banana
116.66878595279735,82.64908343656766,45.88085617046744,26.403102149019787,84.36787101243182,5.794244392071182,108.56450800562534,banana
99.89795159615001,78.01831130942,47.369036270040645,27.58664174337102,75.1155593180628,6.180691738249407,97.92631560526227,banana
101.01893843718584,91.68773796317991,49.15903977386524,28.839608680383986,71.03983572058085,5.811854794543762,105.4153293161411,banana
115.38664543365167,68.28033541718077,49.518950690536116,29.913377701832527,76.07489797366564,5.914864475829732,109.97608477583309,banana
101.47606842978225,92.9603933281809,52.24236905036616,29.655545791028437,78.19995821345044,5.703789835499881,101.61415210470547,banana
90.72717525305919,85.38458187347067,48.07060943622377,25.65642220004505,82.493292048105,5.542513688810285,116.55753320783691,banana
18.086650446034557,32.795482220470916,28.42904968708173,32.26381933311585,51.07737424263743,6.097560749485795,96.31936270577152,mango
13.346410350627025,32.04396769621066,29.64926831016837,32.57903215470962,54.14147886121314,5.4906814075954635,84.02245513789643,mango
22.621420405796016,25.48375485294743,33.745717117865986,30.643598114273953,56.14045866468973,5.9693217936836405,98.45569992456979,mango
18.503955205038903,28.162138070307584,34.771410859810835,30.89156908267336,53.18704666210313,5.818544030499882,96.49524851294507,mango
26.893643027753193,33.008650155197756,30.317615260782873,31.428908175872067,45.78877697869419,5.730811381494019,98.71277345058338,mango
23.40245435827651,30.746104484554596,25.56296377638196,32.953965461357264,49.46735792373468,5.405203457728985,111.03661684918306,mango
25.853115986951813,28.318734911703302,32.83517440762094,32.53489841748886,58.37463291687351,6.0912274101726895,79.06774067073718,mango
28.03923099588451,32.328284447400215,27.96190317890894,28.94074985528518,53.028880582424506,5.688695984652968,98.95994424798751,mango
22.973627365113053,24.167790560016023,25.53556802926265,31.771636935743956,46.799672868338156,5.858438314292959,78.88008275645282,mango
18.991269102101448,30.574759455199985,32.42373003058719,29.42328405825346,42.990413784091686,5.806305475900717,101.73239356423291,mango
21.620700560770203,24.439200778193452,31.191297769946413,34.00471094255199,51.230868123854165,5.146740825672552,97.4384040572077,mango
28.175827884850435,20.56304593442202,30.118898647316087,30.54732913393573,50.57529775565038,5.877700861261508,108.6796638327551,mango
20.339133145603242,33.38629778606023,29.52937736485407,30.299726452050734,45.98490210176836,5.073165188351939,98.30937694311008,mango
28.21600115388737,29.291177386429307,32.74698941664672,30.17393734997109,48.53399965235798,6.193856595333305,119.10432368347784,mango
25.95179174318728,31.02622314864011,30.140602317562035,31.419437828534647,45.478956083430475,5.220732991478937,81.47841970688071,mango
20.19920013808775,25.540038692866613,24.12223318112126,30.925353241900527,48.089418053204334,5.330860457886367,90.55785187255916,mango
18.71618799713462,23.916814300377666,33.70668065910376,27.194196875813375,38.085206055734176,5.801314313779637,96.15352627270767,mango
21.616860544075895,24.30513245860453,26.328304779630674,30.985367734610104,47.350531187912026,6.420428561862278,91.1092730008977,mango
19.787259393131688,39.377090697989715,29.22095909307725,32.112313730398185,53.87785660031812,6.092560657487286,98.47384718493502,mango
20.77536317764204,27.50167144918558,27.696024391064906,31.651037605678535,62.17187502454755,6.284272763585423,98.64701626669564,mango
23.42331919242396,22.65412045634674,28.957951383201124,32.89569968836811,58.92300316074915,5.491653531161848,89.19694028692211,mango
28.725503175514145,27.481306248844863,37.29344789080152,31.413714634551585,51.47708169395261,5.6778036449360405,106.31066169812274,mango
25.431110201216,21.824988849295664,28.590197791118253,32.83015704874844,49.22270817329403,5.602645812586716,107.11450584643282,mango
24.413812818850044,24.75178954663931,30.84946611195178,28.583050408191532,44.62711453712781,5.849666092853352,95.37688145095812,mango
16.13249563307746,23.42013037637212,25.73982252017776,31.910119713826422,38.1941648198486,5.395369108175921,72.64470142601215,mango
21.67608241543192,17.986332249726495,30.12691679414216,34.279048031494845,60.04060388762541,5.077636972328471,98.58091521957147,mango
16.04411481447818,21.03431982144871,29.546120182439704,33.45658231386625,53.597953245322145,5.513943628606848,103.46040796892004,mango
11.025166672473283,23.2352710078338,26.704433821194996,31.15664138347786,48.78303221804,5.743411562552046,92.90336563872634,mango
20.089628963956347,29.70065483479112,30.59732410440953,30.431296366790882,52.4104896788287,6.130449417461105,88.32768931132844,mango
19.762389077309297,32.809532815232934,25.588957290930573,34.60940439251189,41.96507015156254,5.661854155518105,83.59772003748786,mango
28.75170798747751,24.483249855764242,27.99663537388587,30.25850252012016,50.5736168473637,5.668623288438195,93.40535834453121,mango
5.88316018790505,27.285799180009136,30.07122648594658,33.07713759482479,57.85436568967641,5.724916775443281,104.79474898008746,mango
15.593724878220774,30.836711713480522,27.710096803461692,28.63060506373989,48.886467930775694,6.360188978879112,97.17206644077017,mango
25.98595259071352,23.256336430920978,34.19140441819196,29.695679925526107,51.35197202893522,5.886673131463766,102.93790080709007,mango
21.00296247964531,23.304077310890914,33.521227808370256,34.46331318865079,46.49717946646329,5.065907169421987,100.99183482024546,mango
18.675278423791404,26.344485720223517,32.22471102292405,30.087215140348803,48.38688817193797,5.759952193225366,112.63704725582019,mango
20.120278416454326,20.8216320959252,25.21648607543554,31.2784598433192,43.22343199585413,5.175078605230335,102.62643189120813,mango
22.73799361147458,25.159317330530733,31.174637164606835,31.376243288391002,53.61451631581451,6.041899961575919,63.73053694967329,mango
19.038004166070422,29.589520940890665,28.358173635843944,31.072405278519653,54.50419989006846,5.832370093300865,113.0950330068184,mango
24.507945009124484,26.40717923514283,29.207815317100884,25.29935178959727,48.04098681865685,5.258692442915789,97.65475450400747,mango
20.61148284448001,30.47927878013389,35.586681887792764,30.947461140656063,63.68249787153918,5.892980578087961,79.2774032754004,mango
17.75171249955952,25.13626649846089,32.36850860461352,29.1055001995414,48.21214470314362,5.735583887681565,89.62255030813347,mango
23.245661526718873,30.20660694232678,34.666268540415835,30.3379496377776,57.21516540588741,5.254401165609181,78.33938838812172,mango
15.144793255635147,27.046058463160445,34.80951246631102,29.79571583872074,47.139839570213375,5.713592817876265,101.87393748065186,mango
18.089498786581704,24.332915210417493,24.61841894656924,29.856557777645758,57.064770517612,5.83637040339139,86.12174587702502,mango
24.944575890915736,24.073932489699065,35.67982231792986,33.8072139558002,50.33606975824801,5.200580189051324,122.47400738414906,mango
21.549104225058183,25.38056487639705,33.824511659100224,32.4046055740427,57.86563009931864,5.535060884528042,98.82168095329271,mango
15.256519079020253,30.33167197870617,29.90821852149125,31.562018510973623,49.12190165695718,5.699604471764656,84.58122591182344,mango
23.161720858736935,34.44852018370719,27.77332656435966,32.10708100994219,52.593101747961455,5.803239124539544,76.6808511996234,mango
14.793610595557631,23.095090244242147,21.443981105712275,33.81606145981123,52.206219375078284,5.7880155806403515,68.71717016878605,mango
12.704516579918398,26.988293059065207,37.88195986193591,29.602711608253838,55.18278808647463,5.608039036930015,95.6628711114664,mango
24.858735395571728,25.270241849167277,27.23958036779147,33.83614110824953,50.27334692668157,6.236482036234465,86.77701327938375,mango
25.6266968358439,28.368136372673057,31.739150504858635,31.26325862285835,46.96715010802099,5.799326875802011,89.6889171441276,mango
23.838184250579143,25.984714164656687,24.013971088824402,27.641152530021433,39.639691086077455,6.047188303021576,81.18194826351868,mango
21.200343103354268,27.682872587457066,29.741165620360892,31.87681040676474,50.94982122254316,4.7161081028876195,91.11649710981811,mango
21.700412536253722,35.201414053775,36.74583046632999,28.273698972829486,47.90164820412336,5.173554074516801,113.238620901321,mango
24.051424832594204,28.752939434315874,30.66437944504084,33.76126220069895,57.267951168560835,6.263217878662449,100.48015831738712,mango
18.60308680194335,30.835624160087786,33.264167621020455,30.61872506081608,47.89250648699455,6.2533253078232836,114.96939330523529,mango
17.002416876340934,25.683116622760128,31.403732305818792,31.97319799549722,46.86580184455224,6.553408252137618,100.06514318654206,mango
22.125533633882213,35.79442040755877,28.20375349902164,30.823136247115443,42.48006662587023,5.731059811098569,77.13286971277564,mango
22.99139741677269,29.09998375034996,28.89172277184584,30.799152584364304,54.56879849113395,5.345681565244041,97.45001440943028,mango
22.798039225834977,18.088629612963793,32.73975202280808,27.651875073476866,49.294433096890806,5.334643558361909,112.17495895148018,mango
15.37151578339061,18.749050540173087,30.533408566385262,30.172594039958355,40.9723686280164,6.010326079661939,71.10201125060385,mango
15.8550361096675,24.123908647896076,33.20888956862056,33.5909367340263,56.616693483965435,5.738690483815107,65.87230106245812,mango
21.563412084874233,34.35286869612307,34.935161631254275,31.92589801948744,42.86298341396928,5.589877198548634,118.2057727849481,mango
14.333081861343466,21.26079385924807,33.770206204661136,30.137681510388944,42.90946926677227,6.411188471489206,100.53267173774168,mango
18.47279534249129,21.271125820502423,38.18962625543975,30.951096362506785,58.383968374816966,6.157453417843776,88.74918126004118,mango
17.948235540040876,34.2315744896696,35.85006933047991,27.24616804775853,53.298681565893155,5.751514078110552,82.60012204473793,mango
21.04698437886879,20.25201604506803,28.1341785814156,29.403052534460066,47.00125241506401,5.771408602535203,82.81320005713417,mango
26.292716115493192,29.466416166970625,37.17825211352822,30.67984006184396,46.70726022621734,6.503366245797211,88.06328312151219,mango
19.2868319120435,30.600237052486573,25.049096766810887,32.4225893695873,53.500082396987615,6.307730127215133,105.68053403612168,mango
25.199913411510284,26.447890497457948,26.54931872517176,35.21997082816672,40.8398263068682,5.229394768450477,101.78153648610598,mango
26.4999441927094,27.947754229570826,33.99721479880883,27.008394545056085,47.00273022691318,5.050420877142696,104.36493149874391,mango
13.811074693643942,20.610905769836762,32.05610081984561,33.12364870403546,49.0461913506247,6.028069001643404,101.4534580024771,mango
19.138292562230113,21.526472585568754,32.25956562753857,32.226191381550166,55.36414641854155,5.924826569631559,80.97800103824808,mango
22.76136064547672,26.993094598858292,28.06905022270663,30.410728325612574,45.85845692965772,6.155537511541771,77.98262319703976,mango
16.026056260774325,25.356135576641528,36.455003392956,33.108561098185696,40.15495518051665,6.340538835500994,111.1930426038042,mango
15.303966695909427,14.392708647017773,29.711113510611032,33.24484881859964,59.54757181880122,5.4516690942555,116.02374925595558,mango
11.088270416733195,25.15974693085356,28.33115732313701,33.30467404984861,57.78981479563868,6.181689462173358,78.79339941504927,mango
23.45047612719569,29.54520984296746,23.315062458881638,26.865972342396624,56.22793574012466,5.727960279608302,79.5778148905415,mango
19.167312285164925,28.820205405566014,29.66859549332981,27.896027693747826,61.31334142138466,6.201687187595157,90.9754705799184,mango
18.81962137639085,28.79743697356588,25.481514417038674,31.645352873073936,42.0156053788354,5.771786313261933,80.9771420017177,mango
15.527664070693142,35.22861306809105,30.236903577138218,31.414812970802334,37.93172083351206,5.561199296591581,100.53454542445216,mango
20.77654506379002,16.229850893231472,30.828551666628325,31.733117607099377,57.702571989192194,5.537907552424663,68.09517535837195,mango
16.012916992779378,21.514674805657215,32.9468355111199,25.566526823209365,47.30986123956427,6.370318189430901,95.08654955400361,mango
23.585267264705696,18.791008332244562,23.59204194717471,33.874484915690466,50.60729219454352,5.841309744883658,81.58216606271604,mango
20.403126915800925,21.270312158299518,34.7474817956226,36.455661419736344,52.90364632199198,5.5460214458153825,64.59610003406411,mango
13.262143541830635,34.77430915513568,25.883232626915706,30.258330236626975,53.931955847475066,6.392915919744717,92.60495694603395,mango
18.38133252133586,27.35810514255342,27.48944873344313,29.85236159341409,52.47128070520324,5.874116607133795,120.579263678703,mango
21.75539526654172,32.75572774046914,25.714859293107477,32.050314580060544,45.66211192039364,5.9581813053186234,103.2621751773781,mango
20.199475376005896,39.03662860737396,35.71191907643381,33.35449066565819,54.585717154220085,6.5053443270920175,77.7563684303694,mango
25.481132471962304,22.043778440002384,27.742643523733083,32.122784888123334,57.39932099306434,5.338569347327215,88.84946146786723,mango
20.390128290005244,26.06816997652143,33.41612824494075,37.87185523196904,52.515924251155276,5.505921424735074,79.44190003233206,mango
18.69898434565758,22.29875056985605,31.870199167901692,31.904043271568455,47.22099077285026,6.593982005513513,86.17463216912127,mango
19.522275728407305,30.195813329449088,33.56821957507931,33.5551530430864,52.57097887395943,6.220365080315198,87.01870193566472,mango
23.67232784140153,31.523645750782,36.051546699014146,27.663128015542917,44.5569013063936,6.129256387746921,63.18362624142324,mango
21.9680246951534,32.29902212465684,27.69449900979824,30.139619999776176,43.55517591656058,5.591381152107439,89.08917797645891,mango
17.268634902137915,23.311609111077516,28.915980860446425,30.433791368687757,61.24479139916634,5.642325942753196,99.1298025943023,mango
17.692468134094796,24.052021120792716,23.182517849069512,27.857267504377813,42.758010322082,5.873478733904028,107.91408386341502,mango
12.853341892417928,24.254615993255914,24.532437162598605,30.4714458117329,56.4546169622429,5.62124703935681,94.42979633360365,mango
28.820913585569258,137.5790093050791,193.39908144183198,24.476745857507176,78.68980395439084,6.1261446038208,74.12272123258208,grapes
17.531361198006188,134.75149417385774,199.8242674200408,25.634032191516336,85.32538820407653,6.143234881237381,67.57445317296198,grapes
26.733320083456,124.26937223689748,187.794780066305,14.414139946317599,81.71943619305138,5.75353606815197,73.1820358086028,grapes
15.11509042382253,126.528214491005,205.70269905864484,20.91049156095306,83.63702699445145,5.832893221479588,69.73753352176001,grapes
25.380632025667424,142.52797023115312,201.92492411320606,21.557969115363765,80.1678445504814,6.191086608926088,61.829971332139145,grapes
22.287733613439176,129.14115901638525,199.96638216681035,20.97215241225187,74.59222259115155,6.156222784787893,77.71305138790919,grapes
15.831300170007374,136.68926160926216,211.83182914845176,25.78773314028697,80.33331928529573,5.716951089074772,70.64782463479992,grapes
23.991140235387522,133.958075111559,199.19865369882433,20.752044827631728,83.6907531652354,6.141256348324057,71.60657700369337,grapes
23.44397458028503,149.79249487746105,194.75621215426605,27.844305292369967,79.06390212311265,6.332685171886928,79.86694040064435,grapes
21.82779518639247,149.60963054060835,205.6903588674609,21.368182676578297,80.50337362244316,6.339828691831995,77.3845176150132,grapes
18.767838394482837,131.60742687809503,203.0352298277651,22.477186232773175,91.43119889349887,6.070099123021597,69.5055024727756,grapes
27.76340417703236,129.34786465161164,211.07427610617322,18.996802813251044,80.18538381501773,6.314721125513174,82.56158176471737,grapes
19.906817147976028,124.10178363781351,206.67446430370458,22.13089831524686,80.92568832897842,6.262921507421147,65.64718254708791,grapes
15.138296993857256,119.98915564394119,201.0995558572028,18.409730554581348,80.81135833081072,5.582371045126802,83.11951205492478,grapes
31.66057037906269,122.41802897657931,203.5675868003792,21.118788804009444,80.76273759178196,6.541040798386741,66.26649161818811,grapes
21.855850151051545,123.57470732772303,212.46189377664862,14.21019989242792,80.22881071387351,5.986234171759363,64.71138136119268,grapes
26.45418203092467,145.02027283970475,186.87960487120486,30.280459961312413,76.30696470258594,6.386589204502752,71.19862158828555,grapes
20.985195611544743,128.90633070324165,200.66487209339687,24.625253585591345,78.3193825945139,5.929818012696483,63.83461741657924,grapes
18.139801891704508,124.82688297542103,189.50025367304562,22.739535261748443,83.72989962187366,6.036213106253388,85.7947582132852,grapes
14.158187945120332,137.69340966214187,201.06420238524353,26.4470110271159,84.86586081724164,5.950502474959447,71.38121027885404,grapes
20.023723148326063,139.13679979354455,182.211239478773,26.33047931594795,81.90730622305556,5.853881388650674,68.13973440442619,grapes
22.36321506164648,145.973037604805,233.33493663248512,27.659612472451148,79.73869685644098,6.188934547285584,75.38663332845987,grapes
19.29935711021112,120.39200702779318,200.36719071083212,26.423122808104303,75.55276692959428,5.783730639703678,74.58121367192325,grapes
23.16689445308232,147.16273620598994,186.88632545923656,31.056494800348368,75.84803022572169,5.391250884351522,69.52869776402154,grapes
18.462164287015963,132.6124433595512,200.26273121045332,23.412677363677705,78.63035587121288,6.129796845773908,67.46130308186264,grapes
27.414659483019054,131.19627747471694,191.3535257713341,18.936868344469843,81.31156227420651,5.619238628591213,59.20030516796177,grapes
25.10982923658795,115.22329938836609,215.12193378332913,24.479149153186622,81.82462947590015,5.689570217834824,76.1149783707435,grapes
22.98838026561042,126.13903357259198,202.9982469665159,18.95164363368186,75.45869147380344,5.663944174409677,72.79621814087771,grapes
22.986966712775473,143.48979265555752,191.80010147831422,25.724003521444025,81.54451779041888,5.717086441577721,73.08246136570335,grapes
22.73595256701907,126.70880805854601,201.41999087144092,23.611408842187824,81.38524772592999,5.87622205502676,59.5604116888509,grapes
23.29906166357949,124.97285626278585,190.79671132355932,23.277900467692177,84.93610617668871,6.055684052307294,65.75086233313928,grapes
20.71461576852857,139.35813262188768,177.0326423055276,26.392094967598442,74.50393690027865,5.575377627503106,65.8858733498942,grapes
31.68049657172338,149.77419360014267,208.06487755797136,25.06962713488635,74.5508921279501,6.04702744886421,65.60622785152023,grapes
19.733322665509114,134.5480308997466,196.28889990553301,26.60789863790655,74.25618092954933,6.0225034267037945,62.96722221188765,grapes
21.361456684337227,136.04626419479243,189.82692137389932,24.492696417937395,81.15064717916295,5.801823940446933,66.23542011191265,grapes
22.381792435252297,125.32163487436787,201.0709447532561,23.165470135001772,79.55486985173215,6.4769526701708955,73.32191938049297,grapes
21.469151069508182,134.4586043082471,190.7317986322649,22.68968517966425,80.71969019824701,5.6259618270270355,73.09883238395534,grapes
20.977549189548697,129.44533332552595,195.31280140876646,32.8772717719293,79.34953939930395,5.379396913834252,57.200544232329314,grapes
26.03721049078174,146.3645269168313,194.18202808627146,27.83684900890639,84.96635999937018,5.943155960704173,67.91642972983571,grapes
23.723480905662612,141.7745582215364,204.9729456559502,21.96957509460391,81.30317181189476,6.594379036416577,72.00971037836953,grapes
26.47730170753046,138.39884987249232,203.73357743997704,24.326096700045206,85.58956250129992,6.215592670593205,72.11114782409238,grapes
20.224949897808447,136.85558805548473,200.32992063531916,23.07523226596477,92.71510389986427,5.538284607687652,77.66810287245987,grapes
19.54931622298468,134.31195489343395,226.68587519090184,21.11289301552781,79.10450938069094,5.99474587885452,63.2222643389491,grapes
26.536225403761204,127.65470563936705,207.54009640149337,20.01243260459979,74.7726739913831,5.931304506314085,57.45193729569924,grapes
29.0730756510618,117.70196509505001,190.62313312329303,25.24085965642383,79.65454419975198,5.544483609039719,86.31971328057568,grapes
18.993464787361702,131.03742192503452,198.9080747989397,26.130927455899734,83.84940984268424,5.7519596886806985,67.39338226045355,grapes
22.092310265832737,140.48959498198562,189.316780851414,30.054331670267345,78.96326645016222,5.997375180973022,60.72008448245407,grapes
17.807363953437534,124.25571590922377,191.29476782335746,22.757228927535508,78.08413988494503,6.208665726388263,63.736128837453,grapes
19.42473802619234,129.07031135882733,210.92838878696296,24.644628520831198,81.60124188045012,5.570086569009396,60.85833232109032,grapes
17.886360239841505,146.06851223672348,206.30563123131648,21.41513847322742,79.74251342469738,5.7524129471288,62.913110268954334,grapes
24.84120412486472,130.12463779215688,221.81167744297463,27.751079473550995,87.2379213618669,6.2014070924844376,66.61872743594249,grapes
25.391163538118334,129.5116730547134,217.30276050728364,25.21283814914976,83.04944143441206,6.038121798728853,83.92213141888686,grapes
17.264998664652857,151.38287827668725,199.1384619254586,19.781553072553045,78.99116107342778,5.504757821182925,75.22925396468511,grapes
18.84682819861392,134.686676662047,212.34217030165848,21.98394921430159,80.92758522790243,5.608990017025195,66.89314312839042,grapes
33.29609450109349,140.77933164110442,198.35269581106394,22.164935891454853,81.82946641737426,6.039015225658092,66.64744234283394,grapes
25.12023678308452,123.4655250993959,191.4161232501573,25.110586371150614,77.32543298574241,6.218705175858762,69.88575510082453,grapes
15.688363125131147,134.09499125560947,184.14853375411005,26.080086028966985,81.00514268299762,6.555325264952046,78.57050275498085,grapes
18.7572299750727,112.79260136158582,193.44898743208626,20.336224191508887,89.30295234750838,5.996905602215954,77.46735043346533,grapes
21.859876349797656,131.20332511719354,200.67372977491092,27.31961795577734,83.2464990226984,5.682799846957001,82.98011310469134,grapes
21.82873800405475,128.44479876123353,172.70494697750965,25.90319877348401,82.40405055864753,6.029977696980571,66.77740263111346,grapes
20.699128639468867,129.3041957316957,205.6316087112728,25.91735331910005,81.0758736465016,6.284681248295028,69.36820655186018,grapes
20.983094327505377,134.98415574907364,187.4061358150614,24.698154927237745,75.83127157789451,5.691681912004871,53.850468746267005,grapes
22.299532189313997,149.09633702309094,199.82923338918565,25.930756138299383,91.40925558924955,6.121216754436029,63.87830364329582,grapes
20.48972558905665,133.00658208223007,194.67105354739076,22.325739000559704,85.94101563703796,6.3078468842316635,56.82486014361069,grapes
19.72732192839912,128.35995613086607,206.99088946165253,27.42922676551697,92.80787173709554,5.860298011115201,66.67417028526377,grapes
25.354280062550856,126.1778328104514,199.59038138509482,22.754885673649362,71.51338431238328,6.0369699690454635,68.54111232557767,grapes
28.084924201027597,133.05490407536354,188.45252521685828,23.22570338106143,73.63566862745348,5.636724649440107,75.08404774522398,grapes
22.010638240185347,142.22508239498066,181.33107749121953,23.272615808028743,80.09795000644885,6.286754574783962,75.38210214533298,grapes
25.569008600353193,148.414100380841,197.31912890713434,28.005242505902157,77.82317539648106,5.675736675070292,76.02197257198671,grapes
16.981037046364793,138.72765628418958,202.01313193721327,27.215558185964618,81.76222414018044,6.016814683888658,74.07411994339925,grapes
20.349401799760887,125.93793692509779,205.7442943984342,23.912136572608087,80.37074433078288,5.9751647700907,82.75647606270664,grapes
21.22792637304043,128.27980386717985,183.92555775337505,23.872941185528656,84.62753404496156,6.25085943470426,70.86574081304425,grapes
26.823334292323533,140.31230401880242,212.12950229692262,26.952907966432686,88.279912784429,5.949092050030125,59.383535661107935,grapes
25.65487497474168,140.80553189322777,216.6999539338114,27.843871068509117,89.78188982345826,6.18595619409796,71.83048473550903,grapes
17.460067514697013,136.0809653451408,195.47496643128682,24.634530040297413,82.21805274523862,6.14152007665504,69.22135432369191,grapes
26.74008076293034,105.76845687124941,202.89993575157845,27.607469337457687,89.48019403382486,6.2195884015155185,83.47906418066032,grapes
23.67574398303497,133.02862575927062,206.2941564322775,23.990417151326806,78.87057012793056,5.84542792676043,61.10277675139074,grapes
25.113508379460978,133.11391812500477,197.39713883241902,22.29994872948813,84.02022538479851,6.234134454183021,60.95588802795854,grapes
17.84926132089753,142.54509955621015,187.24866761511404,25.642460501467454,88.46763679501605,6.48577044101794,75.90298072505674,grapes
25.835238061288482,155.51907450196455,177.65604337106228,22.606992971758096,85.39396739630641,5.898813897647413,79.91822646885628,grapes
22.84258375875923,134.31743860337596,198.25325335754061,22.43246712357582,79.8115601474094,6.081349889051033,63.803480273417065,grapes
26.81281953396515,139.53225924602825,211.9941644096984,20.613226932021004,75.20209381285423,5.9987442733104706,93.19040490847617,grapes
28.064835112378283,127.45553691493286,205.24512134431342,26.18276072233105,76.52644703706855,6.410887760710382,68.66060698543248,grapes
22.63727662156856,133.23784659433855,212.44540139307895,21.734453525395775,75.17211998086219,6.096886587870014,53.65073531061497,grapes
21.79558561945784,144.86874289858818,206.79093903508738,27.127068197175827,84.48140546081132,6.7231003466350225,65.29408297874548,grapes
24.592526708033294,128.6187952878735,210.5680126991487,23.81527537184851,88.87537951777618,5.840755213379407,81.25701220573588,grapes
25.37255812217588,132.6753893091302,206.42442337859924,24.78379316258758,83.42381872100724,5.937938678071682,64.38729193956007,grapes
21.659715520149877,116.16855022051777,209.41948332532627,20.29450808347356,81.12941177905721,6.19441351244431,76.71517373679929,grapes
15.901392252651046,132.0815192477492,205.59744699448822,24.15604832778698,87.37629983069418,5.753457930025619,53.60767095847842,grapes
26.241304067074086,127.62913880381512,183.41459402414003,23.524462828300578,86.92223190372681,5.621024214656191,88.68796763157815,grapes
19.648473621853352,133.8701085412575,188.8086758215239,24.124831046088044,81.46500871296529,5.553151829300674,92.60661575160728,grapes
21.018651323925223,128.05537442693972,210.69035879353655,29.442764650045405,86.5057474720172,5.639645963092024,71.7112720759573,grapes
15.47451007046002,142.01705081322356,184.64811861469536,21.59039602917229,81.98719398387476,6.133501968342304,67.91252301283745,grapes
29.076334706931526,140.2323958219228,207.44724754064208,20.31179729404601,88.79747159018162,5.759080456716447,83.90033946389676,grapes
31.088780227702287,138.12656532363775,211.32013097679422,14.751240710829393,81.21999033803849,6.330649691975862,77.39608214651268,grapes
18.12110664760049,130.06277960132127,175.63634494798853,25.23897852051826,74.46668639509271,6.339143352836271,79.46179888573927,grapes
21.102532742374006,138.2127593045409,198.8290127593949,24.7257251850446,77.4109623070274,6.1867477869719725,56.87051815820467,grapes
15.680279350682472,131.78071683333008,198.88756720388722,24.816905191655252,79.40197003905469,6.565707499735677,71.28483991503553,grapes
23.931527114064902,134.97233877407047,211.02909868948078,25.728052243453394,83.76807159883312,6.220795231459677,55.40308290362247,grapes
15.852609397656892,132.23941254698556,199.02326117318097,25.739429532144623,82.08006760873403,6.174559480336264,60.03523784350971,grapes
98.90329886632175,12.976829786126647,51.934289671857,22.24342991527336,86.39324039416351,6.059300185730867,47.931777654225634,watermelon
107.05434922304325,17.68213996579525,41.7716988813785,24.65521231061195,78.99448589809279,5.991572450118442,51.941305409071795,watermelon
104.04268509204093,18.32181776214707,53.01313407439876,25.976178298228362,83.90643912500013,6.178079201881306,47.47936262599601,watermelon
87.10786453206447,14.464503418619241,50.44463435219021,25.764387824918156,97.2589121515791,6.096261320748498,49.99921023334574,watermelon
86.18641099916648,15.836642372090147,48.264534089424075,27.689760052466276,83.20133384312831,6.4426041199831525,47.55745630022224,watermelon
86.39053430348511,15.043692884620677,48.09031642458091,26.147651766812768,87.2357891488993,6.429621047086691,48.98258988814923,watermelon
83.51268157361652,18.619203551769054,46.5205105642498,27.49424647645955,90.26575979141678,6.4436254919920986,42.813509753872864,watermelon
98.84971248222331,18.046105994055914,48.4223999937664,24.871923181241353,87.25412884278965,6.649273482408258,48.229682877382736,watermelon
84.11340451265379,18.369134556138356,46.16336403279312,26.428682150740617,85.60462892671615,5.933315771887201,51.64865347529259,watermelon
103.6307927283701,18.91145724593146,50.58682875548156,22.04562791210082,90.10832424874656,6.623306800262774,41.37344536503618,watermelon
91.91013263857553,17.69367262788356,53.398920966491275,25.024074287304597,88.3021016295163,5.962169951269947,42.6603279112497,watermelon
80.42072391142125,14.30778457139092,57.540385922720475,30.115604469170805,85.93836187292177,6.308471237819433,49.22688079319245,watermelon
103.2600590174972,12.311057445082753,47.13750412009398,28.8697861489005,80.81715972268655,6.275292530221537,51.10554924785152,watermelon
101.54828033554239,15.124987861401584,50.384821916259774,27.21587906747888,92.84580729505458,6.462126686169566,50.6696214772755,watermelon
112.7470711138156,15.352502425105714,43.378234836189094,26.500497951317925,89.30470010035165,6.608314140559906,50.22387473962203,watermelon
85.96445964178645,16.82489226419488,56.165774631581684,23.531765836921558,84.02101130478691,6.383754580352492,45.41836343489804,watermelon
101.23130704067106,18.32991572376802,52.164134523967185,24.04638047276975,78.41606522266527,6.578716530959219,46.95264766813879,watermelon
115.54481141718108,22.653529088044838,59.9534489719802,24.119778197930575,87.27747634696837,6.761285755175445,57.06683386835522,watermelon
95.81041850225527,20.837494708895978,50.00237493183261,26.256212249870877,78.84866619289143,6.693429490871897,48.91670629142071,watermelon
103.18300975890473,17.705341099413854,50.904682883318856,25.90857285506663,88.14639893864181,6.44033223893448,39.35842064437613,watermelon
104.12060045736541,14.572983425265084,43.3786907865893,23.955513331714805,86.13332951742768,6.471044359071545,33.93853576261722,watermelon
95.54709651252597,20.507693674924294,47.743521645333104,25.669046893144817,89.17196574930861,6.73864677746136,59.17400870121369,watermelon
74.04701750951668,22.20056911532633,53.182002177139644,30.9229528280483,81.87069587690286,5.970964818305327,51.057747653801414,watermelon
96.52164903218555,18.960991950844463,55.37464172293178,25.825411710241006,84.03716781674909,6.656815945854838,48.94937067446002,watermelon
95.94016109192891,20.111404816025857,56.29888928451786,28.167932487726187,84.32708114909789,5.8580633036740455,49.81435130885721,watermelon
92.17817988590656,16.610824942968236,46.644545536411954,25.958520289068797,80.84289748307374,6.115784768984486,60.781531860567135,watermelon
90.27308147969111,17.00099487576906,54.772574233014176,27.828608252459144,88.1793928196614,6.590859954350461,56.7920264682948,watermelon
111.3577931934554,18.27506778198612,40.81398826592908,24.942933587699805,87.78548028688834,6.311871219887179,63.96084911566915,watermelon
98.43138154650211,17.25574631407831,55.62372099450868,25.634300205381415,85.70510814291275,6.769737045199734,39.22183507333051,watermelon
96.43231653851205,19.48745988613736,50.32800074171297,28.93466762415496,78.69630656725232,5.99299946961616,57.157492132981744,watermelon
106.79226493439498,16.4202499795045,52.00197200022862,27.490413955262813,81.74454717659302,6.28794548748521,52.51780943358909,watermelon
107.13680063904349,13.502129220926046,49.0102618403249,25.511526736591122,86.67183642017106,6.4973904889973495,46.632931329577126,watermelon
110.23709202681665,15.38222755513754,48.539518184892735,22.817004728160754,82.14549649261642,6.654822822901715,53.56481565083888,watermelon
104.39565291059186,18.652946857837012,60.43857018147577,24.50428234510618,78.52230502626085,6.184834101178543,45.37078531334727,watermelon
90.2310575704478,17.280982542934563,56.26327452778511,29.07931814593983,87.01723400738642,7.142381664636204,48.14901554746865,watermelon
84.30732862197816,20.159534203664506,40.80702804125469,24.48999395460039,87.08044892969119,6.4692855559853655,49.472377897027954,watermelon
88.37288970461995,16.96759283169999,55.018312443688956,26.039935833072036,81.67909648143575,6.1257384618208,44.52324333635537,watermelon
102.53100377172923,18.03080678707913,45.99746449702165,21.578481156035885,86.68005105468866,6.2306877803074245,56.512499832122266,watermelon
92.19501322085026,14.036298638990573,50.765859536297924,30.71539846005274,87.99611996446629,6.540865789761756,53.87081229104775,watermelon
83.23995724662963,13.63297888774233,37.4453556747643,29.459747789153244,91.109544116623,6.617845557864473,52.08092082467364,watermelon
85.03568997752178,16.342100119247927,58.961959392019466,26.26283199639143,82.74141413515241,5.972578801998916,62.04244582184644,watermelon
98.3692457907511,11.729798439911512,45.37867158964229,23.44492396528374,84.47302589715211,6.562201690883845,46.9742634857718,watermelon
105.99341936838194,17.236406721417325,55.31156192636065,25.285611843838563,97.18130236804458,6.330653382957813,43.77336006595303,watermelon
89.76329504913818,16.367177820337083,41.402319545671084,26.58912568765562,77.37878492174077,6.548501277217169,40.189986047229176,watermelon
95.56835933357917,18.81362119739708,61.52018841938177,23.843998958437687,84.39873020229443,6.2828723975673375,44.041037419513636,watermelon
92.5652400302741,19.47219942691082,47.5597206788481,30.498625396541712,86.66391702357893,6.196996801647778,48.06635854283938,watermelon
91.7833770896401,19.40020595884014,41.80610171717373,23.31809723912838,82.63381552500343,6.704884037941498,60.86448219858218,watermelon
111.42487971695559,18.589404559842592,49.5855523182099,27.589251624627984,80.42199753027316,5.946602833395132,54.49310062149191,watermelon
89.94889424566036,16.80407980350356,50.59813507936407,26.496239118356595,88.7511661541002,6.74962255648752,52.56000053734152,watermelon
95.02186247577535,17.323286266028962,47.01894791662539,25.60714215598766,95.47269369432165,6.554656910265062,54.601960136300384,watermelon
92.65067415872674,20.060220249289603,53.80136211331712,27.53470510931017,85.85956498701385,6.810257028730031,61.173481573077865,watermelon
101.54789027414365,16.65616292299903,54.472854950573804,24.191749386880513,82.1281588775387,6.48400989713453,37.069143452494835,watermelon
106.44835746207082,14.11125833760253,47.642544892491216,25.57344080864046,85.1571472862822,6.396904017073087,50.46103162215721,watermelon
98.46335130848627,15.65890712711862,46.134027711806176,28.162947848711205,76.58237719093319,6.438285452297155,47.248804224926275,watermelon
102.76912338053837,12.637121610442975,47.50107329378198,25.795280532020488,89.28029444148184,6.599655490038627,41.53209431304911,watermelon
94.61270953151406,19.658154057982074,43.996125670384664,25.84271146325526,84.9635181898949,6.384265082023771,72.56601426239132,watermelon
95.28541686497206,18.349295478103393,46.168494398903576,27.05549598399881,88.48315038740775,6.323610788976171,50.562385478251734,watermelon
90.94248207098214,13.566788563850325,55.18397716250103,24.891998108232706,75.34555068596772,7.029606846948087,44.58323741549915,watermelon
96.78264260626773,21.922719516482942,49.2912895290618,25.673326795596275,80.08730782179786,6.00954989011173,49.668909883230974,watermelon
102.26528796667405,17.91657622463232,47.59369459765392,26.040515598693883,77.65116001868813,6.638050106208643,52.29124675816037,watermelon
116.76294804764572,17.02243893928714,45.286653239269604,25.89855373182236,83.68880079993666,6.630412360631119,51.21513649380149,watermelon
87.6604796905262,12.092770135417942,51.31454101316508,28.766229082138477,85.31739153620688,6.743989206176062,59.1024732336288,watermelon
101.40112661215201,14.556525536415776,50.976540425227824,28.41414577520096,87.11956219839966,6.7244736028485965,47.29963006646539,watermelon
97.17881616229066,16.6438180672989,49.74330998731602,28.335916632024716,75.61130508664733,6.5091614913745515,50.36402899444116,watermelon
86.65648972700266,19.015301649762396,46.377499040275374,25.28593470129368,92.39512763101618,6.802992094861716,55.595895513160926,watermelon
102.42699241179963,16.505959932663973,59.99688632685051,27.60433526288048,82.00180034413899,6.0799693165347035,55.53470401591416,watermelon
98.49717783109399,12.713185499161497,52.14293082855791,25.46194567937696,87.12265970210989,6.632522064374272,46.13388782764929,watermelon
104.69560287981784,15.506284752095302,47.83559063409514,24.935457186757244,89.52389771122509,6.415828283583692,61.97954544451402,watermelon
115.05136383168174,14.783842589436654,35.39502342651534,28.089019086542546,83.63211241055943,6.240144076060402,46.290255150776254,watermelon
95.26667560770574,20.89157927208122,50.799556196587574,28.567197260216272,86.97688047711398,6.407230782814855,47.87714237432594,watermelon
104.0544787567464,19.461276887998125,54.983963428504346,25.476922977248513,85.70082342561788,6.675212122776598,47.9282797925051,watermelon
88.7855396957751,14.58118679989363,48.794822787260074,27.324414278440603,90.0359099822884,6.093185837379614,46.22123988856014,watermelon
95.77923752643073,19.384151096919933,47.3594473230575,25.140535330105056,79.35202969139911,6.645022194791978,49.70880740322756,watermelon
93.11359468518363,16.22146032655371,55.634977509656316,23.990226183360313,81.63336147558562,6.875675734239686,51.60619862415086,watermelon
105.02778687040725,18.20525573001706,49.82332723853026,25.303401761702887,88.32623208993527,6.848700970343346,59.673506776128775,watermelon
88.33075529717084,20.914733053532988,48.210323729011776,24.489940924910332,84.32268921292611,6.74933853057462,55.3237134722245,watermelon
96.70152229331158,19.512997600633923,50.699302903797175,24.85405706892125,82.16785886816602,6.623070453326486,50.33985811347519,watermelon
86.62045361927727,19.54148447920851,47.5986248568779,29.18423929597759,79.38804005938115,6.445787421082996,45.40017852448618,watermelon
90.22119731660395,15.53962784972487,58.85283804518491,26.286740340159007,81.83316784481029,5.9514114768987785,37.22909962921851,watermelon
94.17183170293139,15.098936047584019,48.87974646882757,21.455632399128298,84.63327361981386,6.8083189325441325,63.98272997891356,watermelon
81.94998466874574,14.595821722282533,45.72883069512732,26.2914428550513,80.12091012849419,7.004678974618004,51.34817977348592,watermelon
97.89168339630709,21.778141201348333,49.91976187958326,26.800606812997376,81.99680690683181,6.088849380483685,46.11710694796616,watermelon
118.68278255050342,18.899062844860868,51.37267418555525,24.0472532196296,88.64500320393539,6.092692017705863,38.46354840254095,watermelon
93.97001589406518,22.863472735884343,59.48947116196306,25.09752614349891,82.30320392720806,6.007891387832066,51.62424580416067,watermelon
100.45811476789308,19.368668762590737,54.55353756662582,25.605156164670735,87.22411149903834,6.289808339646039,55.29634026688549,watermelon
94.43491129633897,18.378375547900813,51.89250662642683,26.13760725139013,88.17815887263741,6.028880278591794,42.48067025423248,watermelon
96.5694629380227,12.670209836980032,47.965677427226474,25.2507394098449,90.23873514666677,6.542760110687439,59.23543660851102,watermelon
101.71507246928746,15.392998186303803,50.66858403873256,27.458852667864345,89.77360530577032,6.46030698111967,37.81991484917645,watermelon
83.53977968320288,16.020762169649338,38.31049249426013,29.59020893147366,87.38773292559894,6.309299897150827,42.122819247929634,watermelon
108.25307186378498,13.659088533046983,44.90886618199474,24.468108119946617,85.4563496582973,6.68623923174422,60.5413778673253,watermelon
108.40474169052031,17.002321127704224,55.10260986878167,24.65800077204728,77.71653594215213,6.298660678486848,44.5499158857897,watermelon
93.31211635380741,14.121875812274332,47.69445211210144,27.240034428187155,91.86102841065029,5.982396057722293,40.69812298479405,watermelon
91.8769836714465,19.29722563230978,48.97526278513475,24.551781553792754,87.86693203082169,6.78691707990259,50.849920324610956,watermelon
91.65402696041511,17.810838701706178,48.833658957737164,25.51797351242908,82.95039912559265,6.777494974196626,52.99904181061435,watermelon
108.32130793700668,21.008978436434376,52.294903844333206,24.987045770229695,89.16130492887913,6.639699410683506,71.82694221446111,watermelon
101.79092599645217,19.093064117042253,51.45211945648016,25.801802816263763,83.96483380164973,6.58827315339757,55.16940601451084,watermelon
109.38949109679983,17.92655167491129,47.68555412287385,25.346292006802035,79.70825222838728,6.998364153071693,46.67061109183321,watermelon
107.70696414124116,17.8296525723276,51.51865915419703,25.765104249455327,81.8488044454933,6.209439379852408,64.82772311043949,watermelon
100.02564970953522,20.375803238562952,56.92453468822625,25.17830613980157,86.69402306371137,6.5135032326474045,41.74228957586489,watermelon
97.3306802168617,18.76251977071768,47.50485372494571,25.35031360925628,84.30653257845742,7.133458799393031,36.327608503164484,watermelon
104.01314639221808,17.239982768243504,47.437380365990265,28.44424858568747,94.00212873150026,6.617357078206169,25.74406848973901,muskmelon
108.74193053165301,21.80649898530173,53.26550376780246,27.907615097705563,93.48332464763863,6.549760197741572,21.737474265413795,muskmelon
87.44448884756594,11.931673135876334,50.27942196044861,29.596079429733837,88.45465526704275,6.7138096997654095,25.60887259718565,muskmelon
110.79562091932283,19.111607609950774,45.73466571248339,29.9165624265803,94.01033208461631,6.235712924233899,19.2316280107605,muskmelon
100.80236851445285,14.997466094051445,54.483550652244524,28.185646639146814,97.1738033194799,5.7627523997443495,25.53918241658059,muskmelon
111.43514112081056,15.32908705233811,49.36319625749186,28.19392857127191,89.94869707354316,6.473386792334285,19.818313596003584,muskmelon
99.1122497493582,19.54798271305372,49.13962515445343,26.99959160002845,95.09055619580451,6.619077088485056,20.835251314785033,muskmelon
89.64713947981967,15.144226752018527,52.18109266194886,29.55114579792509,94.37024813733714,6.302154934584816,21.30106304999957,muskmelon
107.35077190731599,16.339654459646507,50.74619222341592,25.900150321769253,90.2905687270316,6.702818896282454,22.134901733320568,muskmelon
106.51603057161199,11.006940911435418,47.762433361427256,28.657290708243735,97.22762091002721,6.049281135995665,27.68397318178836,muskmelon
108.45545424999035,15.835531058267176,48.50590420490924,29.28325754762381,87.55554509842241,6.2634690364415935,30.104448163785662,muskmelon
104.18123848691536,17.529746131550272,50.45228944734593,30.161810731059543,94.31723044373034,6.2330757557862695,31.13888377311868,muskmelon
110.53078560963729,20.03177289105964,46.628160536616434,26.959552186458815,91.02018861021023,6.418229529293324,17.926032537763792,muskmelon
103.95754506836205,21.862386791545415,52.30589655932351,27.64789439439153,89.61678980779853,6.489955703252224,24.38678513864728,muskmelon
103.54432939404727,19.805164117816904,54.36756211557865,26.735753142140958,92.66485684354794,6.290957498811603,24.605459824258553,muskmelon
106.91527082134995,20.91937761915373,55.59377460153462,29.851180500736536,91.66994962773262,6.324136459164885,18.060979990421323,muskmelon
110.71788035918883,17.03430475864299,52.02358824001164,30.357993051484865,88.26405347284958,6.12299608226211,31.188079628221978,muskmelon
102.32348412546835,16.25824300710445,49.49461195548982,31.17247380966568,94.8029434392029,5.960175471328108,31.53713537468757,muskmelon
107.72918424798944,17.542574251975243,45.23311022765312,31.10801728012185,93.42928250088386,5.962660486576671,24.071687698566492,muskmelon
125.0093835423399,18.049505272243266,47.032117622657374,26.983006749386718,97.31629695028826,6.654327846873307,30.62975645566891,muskmelon
101.98548227273726,21.76205770599836,46.606718441808354,29.325181961830115,92.8611605449182,6.814734079562567,26.275372160561822,muskmelon
94.99590606611028,18.192221516761123,43.29434719015904,24.358062533459467,94.49402411032486,6.287576834108097,23.95433080407893,muskmelon
106.64757343493292,22.191031155133796,52.13795181931033,32.85614566043562,93.50806740217183,6.490664039073999,25.961555290018396,muskmelon
89.71603550293106,20.867995816920367,40.21813591993886,27.827494285448445,92.06879105170283,6.163071302975991,23.192976307708715,muskmelon
114.71500452981783,21.312071657345037,47.256689276773045,28.060866978055248,88.16898815434448,6.611498135801842,24.001030198358098,muskmelon
84.26826823284361,18.302350775430174,51.7559155344073,30.926281946350105,91.77993561626967,6.288198651164086,32.94505872195811,muskmelon
100.05268924879641,20.158685494793804,47.841841426494966,30.379819303271667,87.63311302278771,6.26137973628441,20.166903042295786,muskmelon
95.16021342504426,21.751410120693212,47.55069644278521,30.43651225094817,96.55179554617112,6.391726805919005,28.97506842022512,muskmelon
104.2486876651094,18.349310791750597,53.00126235726772,32.67987617998371,90.08819326247435,6.112239729947178,20.928341817378627,muskmelon
107.95542375789243,21.388102869385058,47.85185226666426,24.727972901121305,89.97572978023074,6.564356253342099,24.73310744406867,muskmelon
101.44278197404293,16.429966745173207,54.05635649883906,29.686383603509274,93.75939041709141,6.447719704908005,27.097472654443376,muskmelon
103.6685735054477,15.215776115592654,51.49225238150051,30.58301634389304,95.46542439858453,6.5248321444851145,21.138997925073856,muskmelon
93.50946136340798,16.694555756241208,50.7578556325461,28.755527797384815,88.62880380310726,6.061083989705485,16.605912900373266,muskmelon
75.04420060905592,17.604654531135225,59.280921500571424,32.59355904758285,89.06530576363109,6.444970989217183,19.141681959799335,muskmelon
89.50312375313503,14.407582207108861,49.09800526223267,28.635080779576047,92.75810591242058,6.598964916911285,23.652476306419366,muskmelon
100.28961576530102,14.718562479929371,44.62201190297127,26.00205530790338,93.94774340338468,6.298627645573528,17.515518948702386,muskmelon
99.49528837853113,14.253536004641749,56.64151527589189,27.842356556826346,94.04451795745736,6.726688908215497,21.180286189771834,muskmelon
100.60837694043767,19.660403704164437,50.462184689640424,29.722201518619634,88.01111181932254,6.566210865914358,23.055343223309166,muskmelon
102.79560978627313,20.759966536654392,52.67523403007309,29.697439450978948,93.92638488855356,6.606523316166636,30.982004645535703,muskmelon
99.72759440429783,18.491870980327167,53.72826723590445,28.019224780472975,87.99419758196605,6.547969052374832,24.175905261536222,muskmelon
90.33978070612505,19.501625788139513,55.72453206011699,25.74051490742183,95.06697498564944,5.638879745276296,23.398853479273946,muskmelon
114.72412729794064,17.0150278544614,50.35975358328397,30.52573240154711,86.85057945781804,6.421628440251927,25.256852287845234,muskmelon
114.89856778598991,14.29277750700653,48.473842734199515,27.143288418352768,88.89676458892586,6.738220818119374,25.106606008003272,muskmelon
95.55546242858783,16.446462296572392,47.74709169221842,28.052393645184612,88.2066639671322,6.32238113723044,23.56317323339142,muskmelon
93.93762634877326,18.465138768914926,50.95955792047263,27.886705571416584,91.56759754770124,7.047587118070258,33.48173303440855,muskmelon
91.56727847896211,15.256657300234323,45.76238689203201,31.114107879944477,90.80441210127292,6.47190227307889,32.987869333123534,muskmelon
99.9162816455163,20.11874616527196,52.081682997201575,27.823565296608102,95.17748519522557,6.145089757269945,30.3595191457767,muskmelon
95.30039227832704,16.566096838391715,45.64604870549283,27.151481178366705,90.71970703301439,5.670595432626817,24.066670635297616,muskmelon
95.93620610206787,20.370033295835498,51.6919229534273,27.584725137801406,90.62434772172227,6.329614588443731,30.943826217903396,muskmelon
93.42156255634846,15.840718005148037,45.4856633935314,26.03592104112763,92.92101087087649,6.460870999321964,30.131047411341406,muskmelon
108.33127206181544,25.19135014359542,49.70450892983562,28.478940872407584,88.09932096459993,6.608973450242898,25.474136965785355,muskmelon
105.21013044008546,14.5826273422848,51.4064167561068,29.410399235907885,92.41710511968105,6.195020227542843,29.757298594213594,muskmelon
116.40246063182408,14.668967921107154,52.88177591837183,23.24429969731922,94.00582984844738,5.8389536150374735,22.900130608402968,muskmelon
89.495802705966,17.35316551515181,53.35517479347131,25.285373472545956,90.92156093145309,6.245989369355184,31.3241947354875,muskmelon
103.45408806280228,14.468348660179732,48.1148224838784,32.112208476771066,94.14309595032208,6.124529961278374,23.931717846467645,muskmelon
98.11912681273482,16.386054218532582,43.15915137471324,27.644756569220064,96.16759791759613,6.285656653881648,24.586985478156326,muskmelon
101.12420517482859,24.654424184136378,50.035499085667844,31.18789070716702,90.20545948384641,6.322180221849253,25.05021089244114,muskmelon
93.80693646520493,17.388846658191127,53.55220374325308,27.39927087781623,92.00026709289091,6.61262006549678,21.702135804749023,muskmelon
108.76331034091965,18.218650439133967,49.33950974664284,24.98370438839957,90.87916267395958,6.5114777248435916,31.98138007520987,muskmelon
104.5431132328929,21.378648695335045,45.16358170551224,28.746355008694092,95.6622393269866,6.133679934880023,28.86089051589241,muskmelon
105.86654291680266,18.82417094534946,48.6851894994561,27.02740969085513,97.32613788230994,6.58955875531721,26.362464498701797,muskmelon
96.69720201438199,18.113614888769934,50.658869079880134,29.799751369467145,94.20302086541581,6.165258542243473,19.133612138051983,muskmelon
100.67424681018798,12.758347988025715,48.70535602002545,27.981620339776473,93.47524457660501,6.994779110645893,17.221637504385754,muskmelon
118.19348024254721,17.30077452264292,51.39123472869032,26.170335684752565,94.99061471067895,6.4124417609055175,24.75413035524685,muskmelon
84.50091908077637,18.221390441542283,53.3833132952663,28.527442729033623,95.52259803693245,6.739868551567409,22.43561846903661,muskmelon
112.76091087037915,18.13588489297525,50.198981003151324,29.197962445205462,92.20794725282337,5.610959993002448,24.257974407241118,muskmelon
89.08842822670036,22.87900710664703,56.3443319668848,30.703876664911174,91.28459768798334,6.097595519018891,22.36967599489758,muskmelon
115.54113525140826,15.923407840440118,40.57761858245574,31.060331016970785,96.50150934085369,6.897764706149957,29.153392016997316,muskmelon
109.61215741787825,18.158802222160624,41.694817506033345,29.055762083000026,93.86471831725825,6.3594189830301255,24.27665552504154,muskmelon
92.28705568785342,14.994783770183922,57.35259405906428,32.74869273976029,91.9920586062617,6.484457081527879,21.076567771851924,muskmelon
105.14059879951563,23.2789475148426,43.883076880221225,29.927766599404787,93.61706672793512,6.558281954466778,31.571270671393876,muskmelon
116.28814569736922,17.299548966382012,52.69269468862543,29.16846741145212,90.10365412118091,6.481244247064304,27.68599811400099,muskmelon
101.73542948333588,15.356456371541647,48.14575744057729,28.088185159650685,89.47266813520788,6.494061874481701,26.67244838517231,muskmelon
107.83614080709756,15.427132955518106,47.690085255084824,32.10913890386247,91.50651240778124,6.40903930877549,24.299585114417404,muskmelon
109.06424654977315,21.515426042145087,54.45283240235539,29.053135222715095,89.382692067533,6.977563923327777,28.42523590782207,muskmelon
96.34672814886088,22.271456540833235,47.85756433896362,31.82140680637731,96.43485376815347,6.123555168495684,27.327033212083844,muskmelon
106.25752563169063,25.844727598758993,47.03079552946457,31.86508655398766,92.05203805410066,6.0275907449258295,24.52005132066285,muskmelon
100.01971808879766,14.823329420654133,51.24869447540612,30.915618510997163,92.71460196218604,6.237446773186037,24.406111726372135,muskmelon
99.96365314565239,18.651964882443146,54.43932304896013,29.54387950677218,87.79191011411086,6.231303678403393,25.664084203586548,muskmelon
108.99299587963291,21.893539324609655,57.09874136634982,29.26122879515861,94.28992752650748,5.9636615396791095,26.71952629264593,muskmelon
91.3978871883131,17.81238241273575,62.11935355548857,29.607108472380858,89.40856034245901,6.522336701787372,22.93169925364258,muskmelon
92.31404709473959,24.309418600171504,54.26724810506701,29.69107324999149,90.82453012925738,6.3067631551083405,31.169927467376603,muskmelon
102.45262030131654,8.751584571153561,59.683754062635344,29.36612471394457,93.03010701720446,6.726008444030439,26.861611309246346,muskmelon
105.97526894173448,16.728829597905225,45.08081870413445,29.560465562946394,96.29484395682377,6.205659232485065,22.087904020720895,muskmelon
109.7681540830395,16.628264384576724,48.357760344662395,28.253711454107517,91.80505705702856,5.927908571229389,22.842639549833493,muskmelon
101.84294415311777,18.669713808524488,54.63197221031835,32.678784444389606,96.53745033999321,6.674395715222181,24.40506163693117,muskmelon
95.01544744034496,18.053635297525204,52.34231507909159,30.643875596491334,93.86925720054755,6.363647358587184,28.147448959369047,muskmelon
110.08698004066802,20.640481152202625,49.87194777934641,27.332302614987988,89.42729771183568,6.195634712922346,26.02830079469972,muskmelon
104.15843002844507,13.756403046167911,47.9840195665458,29.48657093061079,89.30096026970719,6.530171245917882,23.77028683633374,muskmelon
94.21263782664595,18.15961629734669,51.569121318316405,27.302942171460145,91.27216286055786,6.540303513192133,21.95163926673293,muskmelon
86.73794527660878,13.390278462930738,48.32779654377212,26.363163447389724,90.95683431447127,6.899482855351804,19.485606449245275,muskmelon
97.7391611881784,24.396913662814153,51.63252033190284,28.264553425048803,91.52935209644228,6.528808752517984,31.783087722509762,muskmelon
95.75317114018206,15.727169151335152,44.48476506887909,29.206192065019607,87.78293789054626,6.260865212553462,21.36526623555859,muskmelon
108.59298808187285,16.474810837899582,51.58772131202247,25.791815996622873,92.39452086335854,6.039051908241776,23.297406000280564,muskmelon
117.68962059404979,20.79652313172265,49.48634966867477,35.397883819566395,89.25447592888004,6.749564914622609,18.86930217261154,muskmelon
98.04861793881642,13.956630749458318,51.029103660363496,29.111940507157513,91.07700560244925,6.727617107537892,22.73160410798884,muskmelon
102.6148139824586,20.461664820814015,44.06711516441527,27.503171316651233,92.1615829019475,6.5890460258284955,30.684951063686132,muskmelon
98.27296161017664,17.05058687205035,46.50961587914534,29.659968184354067,91.10864727890572,6.317790321152285,24.624445976445966,muskmelon
104.41302449672271,16.308808340462218,46.91136764436438,29.863448372268206,82.92282529435225,6.218896547901495,20.394762002370545,muskmelon
109.62606578413431,16.67720171237131,47.757135538931074,28.902755029493452,90.21388271460526,6.27920555255394,25.38844164169265,muskmelon
19.311838261974927,130.13704292955165,189.89842326288692,20.692432518958938,92.18191069277084,5.9919801529357475,95.8621202745926,apple
24.03976566152339,140.87642875842272,209.74689138278623,23.599778169481194,93.91124630086699,6.555507753373497,109.38174078947247,apple
16.81723399644177,120.19346105100685,217.55673930232317,26.537574517397314,89.22620077419731,5.681803756196433,109.11210754962593,apple
25.897027488583934,122.41428021367722,180.33380475111124,27.335028953124322,92.93711986076022,6.036323991775569,110.53872793760009,apple
22.863139694872096,120.37214704993113,191.59079433139772,23.21031576904521,85.18732732129928,5.809244715855732,108.63002755598711,apple
19.789239072198555,129.04026372961118,190.04108074125503,19.35593629945816,92.43424114150224,5.8099628039611275,96.49662144117586,apple
21.250133651335084,131.34544824434565,195.38976048337884,18.6862102263851,94.04830253692369,5.530084687967261,113.7592430580949,apple
17.766926226269227,130.50146134206813,211.5229249174991,24.063236401606748,95.39011983886842,5.999115648386472,117.75372301208937,apple
13.875443999095289,131.14227505520103,197.75091068151391,25.447329640703952,90.48131201627922,5.979457852716837,115.70908811701703,apple
25.63070064112291,132.7963032592448,208.27786948693148,19.590269731724952,87.15794170116817,5.214996696612642,122.4318197016,apple
23.694667751154945,142.07144816509353,193.22638164293807,21.872904684930667,91.63685707201307,6.333109790884297,133.3259375314646,apple
24.17523395936545,136.9791775232315,213.35382697700126,22.488315085700883,90.82717540855312,5.861293363815857,101.25542756696507,apple
20.299962542513548,123.94332760594455,210.2500781889958,24.087374782066036,96.28868719264348,5.411215159125743,135.82036336306487,apple
14.710098344826239,123.21522732425115,193.7917845313691,25.61544138393973,92.67672049168571,5.826851224843529,103.48847078425807,apple
15.4962593973572,144.1936459132371,207.9863926104864,25.7049007541847,93.19045438094338,5.10736926243334,98.06500480782258,apple
22.859485223386834,130.67254677287582,194.41158033071872,20.793546470220942,94.84276870224362,6.036857791224293,119.01429467489747,apple
18.46559100485977,135.5865898300983,186.62235073803518,22.74034403830761,84.41621126422068,5.429565158259634,109.13225786897587,apple
30.50047258509973,117.79331233917623,187.56419407460137,23.43354959338562,97.3082687180438,5.960651749096423,121.42570222764988,apple
19.64958499729409,129.4044056995456,200.82184352067756,21.683421218747792,94.17280801615324,5.4181184303163255,123.679844390802,apple
21.15725204921101,132.06751218259222,183.5701543981358,21.04042265600426,95.59595441939953,5.837420300589991,116.34078159047385,apple
17.481871946738615,133.73850827397095,186.2784795188002,23.199764508575775,93.11192269181062,5.996184418155505,102.15698203411806,apple
19.631796063597992,138.83474731383467,197.885624047219,22.42538923531978,97.71040282587667,5.614703264340163,125.96502161706779,apple
16.38127734598028,139.89302977194274,207.08152558123973,21.979269689885907,88.34756944141368,5.308870038858975,105.61863789289598,apple
23.104874591809295,124.30134658610379,200.96948580923728,20.047140404178307,91.2983354236881,5.555886828740381,112.06423397726688,apple
18.99568212156987,123.2867047738616,193.4112652211106,21.131686275516014,88.05822589928776,6.224823747586826,108.6779016265889,apple
12.191098203705339,128.39047273164783,209.14711713818264,21.477282733485247,96.49323163440089,5.643001383511524,119.04089666979746,apple
25.146554338364048,138.0517457508029,186.2550602535897,21.11506284615687,95.51021297115975,5.6586165631004075,124.70811816682645,apple
19.278861112740223,135.27293587297237,186.13892722979048,21.783464850575005,89.37408085868083,5.967679895167453,114.1183709565906,apple
22.850599584982536,129.58529747216593,190.6976992870542,23.365458171088616,88.9112332909789,6.223526757926777,111.62573136093064,apple
19.695459561180176,138.1595806047519,199.23635500568284,19.683896566329608,88.8157103018317,6.217312611159385,114.00661217413499,apple
14.273728790546235,137.16900860043648,194.40741180130252,21.251000094982437,88.56538182309846,6.199978841395606,89.41401953593581,apple
17.649871702242038,135.0811408932012,215.78363068903496,24.107716392700638,89.46192615340159,6.358806036232044,96.73851920354033,apple
22.06134466142062,138.39006181176993,191.1888441679956,24.395186103776506,90.45832961317713,6.108542728255389,90.9248540889655,apple
22.339904360915497,130.29103994575755,211.49703782967822,22.9120385404581,95.74768860116036,6.052283829509916,111.46989849142211,apple
24.15067723845718,141.1465261807441,204.71910004491212,18.415397250749635,89.0523185277068,6.315231753951777,97.92864973477681,apple
24.529844600263228,140.35807391101702,192.7424763841797,19.00953674576655,90.29326220615621,6.523404513089904,102.64067249348774,apple
17.82297062160292,125.02175830721156,212.1478447654952,22.51416857674979,90.12228131315258,6.324042205158606,119.95392905522644,apple
17.322839033158964,122.98774480044398,211.58169964879974,23.03357632748343,87.35280794043166,5.365065293931936,99.60753541760289,apple
16.04206164758788,115.58530726188707,189.00493013351505,21.16183887671229,90.6119561348463,6.407873013538314,109.79788073482071,apple
20.329700649023142,138.58329827419047,197.6268192893344,23.800305927773415,92.8418446308552,5.936776569679774,146.1975930130275,apple
24.644503376177408,124.26450213763943,203.70222186189164,21.41652638668056,93.33875229217956,5.487443774867519,99.70664662299225,apple
22.37563024996051,142.97902202238222,205.02644348753014,24.708234669070436,93.12145567629153,5.9517488297097,106.95568070889875,apple
24.252007234867186,143.22391309543977,199.36884308670224,22.766147916442684,96.7742174351667,5.893873466055133,113.90823044439163,apple
22.93690363101158,133.11974369641263,191.79659677256905,23.755931151047044,91.88373496993303,6.45267492694235,122.46138260350851,apple
18.618070854227994,140.56154197271337,203.0786583473098,25.618852603891025,90.42663736151289,5.956602844507858,111.81087621089009,apple
21.2339176922332,126.03320945896445,205.75911667913178,23.835928551698995,95.85567085076539,5.896992244403966,108.05792590102237,apple
24.157177511776148,126.85216056560284,210.8498453508396,25.165683994827404,95.77183670340322,6.012986895403849,107.1620434088268,apple
21.43675090522145,137.42062005571285,194.39858354812125,25.66623257785043,93.74025250270563,5.632333113403399,135.59448411758933,apple
21.389557100680708,124.15307261435012,191.69745877252726,25.97556719433069,97.47495474865046,6.202845516044276,128.8317037830456,apple
25.866461835194443,139.01224537487658,203.29041787810925,24.079726388953215,94.20804632942989,5.677520598042081,121.78350475174533,apple
26.83446738918807,132.14264814503872,196.86752214678202,23.95309261847733,90.05102734877559,5.504954415011748,126.77262848126213,apple
19.19619495990627,134.1660372084819,193.89874958991933,25.553509629826,94.55952847485204,5.82777813765389,98.84123162284698,apple
19.6122807805672,139.13137429954742,201.88635704079766,23.218196088903973,92.63509627840943,6.127638869449449,112.49768955121947,apple
22.80005380183801,125.11772713029411,225.53850776975327,22.43228136136749,92.61077902365193,6.069939657435864,108.07051385119351,apple
21.03129917699785,133.96107747191098,190.85961907426622,23.877178851079275,87.05233448522381,6.425812532724985,122.51565061974071,apple
23.556489430613507,118.37022098810083,192.0747132670698,25.778690241610107,100.0,6.25840773951711,125.44332092301141,apple
23.099896912456753,126.37252523860846,209.9517408320033,20.797585325806143,88.36824450458045,5.517941202368453,124.70867175801912,apple
20.77034378028999,134.90772289913943,199.84596062949316,20.74856691760355,89.9878072819478,5.713872138123965,96.13674263329567,apple
18.983159618798595,124.26824189243385,205.77675628866993,24.32194212793365,88.11908263208034,5.8110104707256,135.27271857580044,apple
17.076948409286828,137.8397403601556,201.05521934002886,25.185775115681814,92.88640052407222,5.770611356622875,113.80116945767462,apple
21.325479775814944,133.1747433594546,186.80888544675983,25.486177215195784,95.19930076359297,5.586743291939043,109.39129241379496,apple
20.099657322583138,123.59133079550375,181.33203732237732,21.658814696175327,90.93079297924642,5.467629999990795,115.12373316902574,apple
25.65142521326536,141.5790453154874,198.7331434684128,19.319176606957605,94.14710702197715,5.943917650719368,118.09221331061624,apple
28.744411201210056,126.57669533422413,171.25184066877958,20.893090844380485,93.45813520480347,5.908077770524413,98.41236644481582,apple
15.321130467294278,130.80851885764343,187.53905330118195,24.041266836509052,90.76571933412119,5.711864634700487,103.90068316492392,apple
22.052490906322376,134.38348301384033,202.01957269862595,23.36025888761162,91.78341339020989,5.590060824962573,104.23543847922485,apple
19.421300379444254,152.5867571427949,186.5116367958319,22.162046993366218,92.29480118033146,5.809000174018252,125.88763449725285,apple
19.766008277988533,131.8891274076445,208.14628513616316,26.62142332583675,96.22249512184499,5.8590038347672575,112.40582945921116,apple
21.186876979136816,135.32299467616326,191.52651885652185,24.873187597710878,92.61982738316836,5.886543143355406,97.74625548129113,apple
21.24914483396245,116.96108927101275,194.18350655967768,21.873804587041604,92.86098557926286,6.463955007483589,119.86288958798525,apple
26.79360829054245,139.8069095579322,211.25053489687616,26.714254705886212,89.80448950309324,5.660868669760549,121.02573080572786,apple
20.98528618375102,135.98318449526263,197.5133310789264,21.807482565950565,96.86229400632507,5.570041665854026,121.23670711089854,apple
23.0969131429218,119.78888032186781,191.69219670006407,21.674618878100265,93.69375233994977,5.789889468220835,111.97292232067034,apple
15.16941057206109,154.9332054504378,200.71195618739497,23.998001794593886,90.37812353430434,5.704211801879645,135.9522158594424,apple
13.333113571973485,136.507823615877,187.88496108892107,22.18999769120599,90.08571659697793,5.604206694974226,113.42530075647593,apple
10.727883410775737,131.16060366273172,199.09710024650025,20.281446907187973,96.53965616434814,5.721662487560806,110.15018909042196,apple
18.63112334434119,133.26590491612473,213.0814409350605,27.946031607846948,94.23691761110197,6.226398130091532,133.59712977772497,apple
21.99548430706583,148.13225786250683,207.92401132390404,23.287974718623143,93.05102310335441,5.3535749109896535,116.5054311253538,apple
14.825009918214814,119.37257763550004,201.92878689025224,20.771842809599892,91.97865874608986,5.94153035580496,115.19659520980562,apple
17.383514371831595,142.0881414423308,199.10764763533922,23.882151360342323,88.41068115815901,5.846501732961205,126.16753379924144,apple
24.880710527234804,126.82436585368046,194.54441809425154,21.022626539872363,90.03076124521735,5.480279737788042,111.34188953109832,apple
23.532553592731375,126.9345242257903,199.09393717338824,22.559003184737286,95.16535619479465,5.716522448958674,106.09740670818978,apple
17.615915486830556,123.76241431929361,205.2918499144697,22.729778407339044,92.16442957946991,6.28239234685862,128.98496871113446,apple
14.415062768660786,139.83051205786012,202.2564692571119,22.076818001708126,92.98305106108383,5.382085029433765,130.5517081133168,apple
23.05977638828763,126.21322029650607,194.14589778180476,19.59370704890512,91.05812825049124,5.755180406827826,97.0986753545149,apple
24.106808934839112,145.49117470725028,199.72639509955522,22.388706234307264,93.30495380639537,5.894108311251488,100.01384940522577,apple
18.389288053650954,131.33207593926772,202.48186594476695,23.018673435752937,92.63110813996134,5.442551605014824,120.98261292901915,apple
21.01366353603405,156.9743814873514,196.12365629823586,23.646916990218745,100.0,5.958227488850954,112.1884335286878,apple
17.052312420997396,147.75439730488085,188.4089841382343,23.854241833696243,90.57933403607485,5.8431991212265935,95.9128127766793,apple
26.37250888693558,131.4998242467355,187.84910341106968,25.505381194080183,90.48758956088808,6.000382187519217,123.09699658561239,apple
22.896137322297278,114.23028004550868,206.95356700977788,22.798772474669743,91.01291390959,5.867277515307434,93.67960647270702,apple
21.76868365864721,121.72047763661621,197.14160290443368,23.312528863076423,95.22211126396284,5.654116052042086,130.41904846215186,apple
24.78741301406059,130.13531231758517,188.91250733597397,20.112367635539158,92.81526155459942,5.678814755137756,127.39228166338059,apple
18.281904680686917,125.89396117953225,202.33626351244314,21.627906285681153,92.02564998010641,6.195796799017557,114.4067519800247,apple
21.483857842810895,135.84632038017577,183.06901009714608,23.78367549986098,92.47979473017769,6.167869198095026,120.26972961364542,apple
20.192205473577943,143.29153602359622,197.0736930238728,23.49431420815541,91.06655170856193,6.038527341476964,108.48212260834686,apple
27.59020643576627,152.15626463503077,208.73938254186004,26.08259329882806,87.38235655742285,5.473586677017502,109.14127320042545,apple
21.16492386103551,132.216133237103,183.57864750367045,25.303183412647293,98.46259470007081,6.284296303751788,126.02627922543766,apple
21.90447842058241,126.41302366345576,200.72528052635968,27.211176073683006,90.94403566247883,5.763512825652818,126.28764390924697,apple
25.694744202982385,126.36888374802678,197.38515386762577,21.99618900819713,92.20906813718327,6.231106001285448,103.3516697464629,apple
24.358659248947745,16.304953746763925,14.652384272628556,23.95649265311262,91.7092442911122,7.172414418134798,105.95424514535348,orange
12.818907506592698,15.278436477186705,9.48741278186155,18.223047618350563,91.78089443061653,6.379866932617181,105.82775797813424,orange
20.97438396817869,16.290988531414698,9.177861054226364,22.743408794155787,89.64780668756651,7.00324495582676,110.69703687910125,orange
16.39900008839396,16.80309760152729,10.522905310160908,22.501370259256788,99.26314110886045,6.957789283994708,106.64918905552378,orange
18.310427563169068,13.087182330770801,11.371794719686807,20.94125909594165,90.29615555900673,6.8385275321384205,98.18067780981787,orange
12.995666669821109,14.61118039852242,11.746670625424583,23.59093941639573,96.68172581056437,7.225286891496755,116.28757772328854,orange
27.53059609061086,15.708563214990367,10.126151347009905,22.965606735019588,96.63136019355065,7.000754594937727,102.22067151107476,orange
22.350702151851408,13.551220566828917,11.06694302522785,24.241522802425504,91.43179199658051,7.169743471626048,92.14652083629977,orange
20.651848485299944,14.611703845999804,15.724527154569042,23.467475208920625,90.21082385064969,6.586509479184075,125.66487436153119,orange
18.599869121904888,13.625943798773742,10.67259842801812,24.94915649421696,93.90185879962858,7.005925126917808,111.91028164264064,orange
20.92814830272281,17.00918879688662,10.849770391802965,26.28335825391664,92.16924458607755,6.754959020250891,108.26849956275159,orange
23.015123274939988,10.640416124845462,6.438495609256078,25.754828364176973,96.56036845055398,6.620439989494158,111.20551124999474,orange
18.40181954833194,15.217509663275129,10.61106201751283,19.121389312967754,88.6783474985228,6.909624648123632,108.25549282527008,orange
15.496179577263314,18.368943024367553,9.164878053777933,21.734547181799464,92.84797637068971,6.96132751717975,120.04972175486975,orange
16.266309848797334,11.807840208809578,9.380424872402784,23.180708518805037,88.27773216770744,6.583673931489923,112.18757338805582,orange
16.968877730740154,11.642464848979241,11.930682584628125,21.10461598121872,95.44943481159608,7.008541237332828,113.53710634466364,orange
19.15400101561259,8.034513266362909,7.726427017892592,22.622871620843828,93.09418741187811,6.463097793283564,109.35677950567447,orange
15.510943651143874,16.703860495268962,9.96119842860035,25.23050480728872,95.20046879056255,7.137696969782208,120.3247230676469,orange
18.598630096304646,24.469352233801438,7.562361807010237,21.416732666272036,94.70407574824068,7.225816391458298,115.84866822970818,orange
22.70127463197243,9.749328536181878,13.17859738907567,22.388327123400156,95.73768254681255,6.389942026309614,113.07882204177429,orange
17.745990883420607,17.71636045474391,10.634140904937691,24.098143392497533,88.82317493530553,6.982909263754417,107.8379954248479,orange
21.98124016682973,18.9678909863004,10.300951844017229,19.171483134834205,92.32273642870031,7.783322868522779,129.75206392385343,orange
8.102401748969204,16.190029461084535,11.864239050510689,22.453018962296063,90.61972723956835,6.919910735474954,116.62627382521583,orange
15.406120102499965,19.56606595482811,9.888014016603861,20.194927177665353,95.37305048419609,6.5364607284665075,103.33747883598099,orange
17.71329973885934,22.431825814708393,8.629958462721113,16.535104338499686,90.25455465416258,7.136665104221433,119.40901455900325,orange
29.10615877377109,20.220692712957643,10.375845187830304,20.325753597275668,96.87208229404207,6.889430934902131,102.10211316542474,orange
18.33170479138372,12.243135283309572,9.069959817658049,22.300675010064754,94.19196981743636,6.883573499469694,94.79048909793781,orange
13.5849113789732,16.628709242569347,10.14525170693845,21.337061866360497,90.5976306185238,7.116546079839751,126.68655504427217,orange
16.879421663424047,16.266708508646296,11.916540808010648,20.67165712940825,91.95310365631008,6.9886013190737,94.26445717947777,orange
20.67399517906249,16.094634035813293,11.110168499192115,19.439340576017862,92.02991115578368,7.414520219096743,134.92999798294744,orange
25.120517075886436,12.468785483049274,10.902105364087253,21.55056027511666,92.85170177938976,6.768334988266923,89.4383186977724,orange
18.621931045200668,18.167808089830046,10.575999510947623,24.20884357974306,92.64905096893813,7.121358242453713,116.35414110904043,orange
18.901274284181525,16.24867168425885,13.486516749739382,23.426093087003416,92.12769048936175,7.03086535216792,107.38509778020537,orange
18.258576145116788,16.626035573096296,8.988569596081698,22.563455211568353,89.62845588042114,7.032403541360295,117.01033933011233,orange
19.15234056035634,9.974864689332053,11.180743088110944,23.36055152827928,89.02030564995962,7.231981072696982,93.21889759140983,orange
24.18163046129787,15.827900141058361,5.462269849245339,23.534988761789712,90.78142289572719,6.832945212453059,101.14729086252538,orange
19.49113683656051,14.544433956498576,6.286619513623229,26.816203660031615,91.26692703211458,6.780419495236521,96.45891580945603,orange
23.082928269811685,12.104704092710424,10.267974603715933,21.249052994379255,90.42374101831301,6.66893214070723,102.55616680974008,orange
20.03524956602743,16.705936679046978,8.428815037434044,22.727196792687756,94.66536329291127,6.501211432915278,109.92477231689769,orange
16.19686421839131,12.841947483650406,10.522023025996202,21.36424559399732,88.3495906212947,7.397284957620997,121.04107417198195,orange
12.270776174563323,11.576715615993797,11.186914142637363,22.145378500887592,96.50172393306487,7.1849009195623035,113.59358628624798,orange
15.91254923269825,17.474320884593414,7.448472090499067,26.915733600230205,93.26641576705472,6.752550826972723,119.65612913758778,orange
28.96609955654534,15.347148700571648,11.100826379382585,21.704512040926996,92.25605665285504,6.547829631990566,109.99364583792962,orange
20.174309319322447,21.396993330534244,6.409993774593301,22.157349622676662,95.8643516534931,6.9274685512603735,107.94390160418003,orange
16.666963900471302,13.202183859211727,6.348292468333696,21.112354257067537,89.03193483466363,7.035411650097122,100.54798157091523,orange
18.081636059805973,14.64338382082702,9.903669635419256,21.414433230785477,88.8146417301886,7.025729933184351,122.80979859517534,orange
20.513864783163097,14.170538685284134,9.75370718981275,16.848101688930385,91.5817917513834,6.879893689272858,98.79847570392185,orange
16.991606590672127,14.76929649538106,11.984916552012981,26.27618125034028,89.21562451532657,6.844576788026982,104.08892051253706,orange
23.238182062200497,16.436519657894852,10.185579725282084,24.60878784026357,90.21075977476721,7.4091659723062175,109.97906411095758,orange
16.576350215232345,15.31107926860648,12.463856648415744,21.724573592048685,94.84867339713449,6.812396262168543,100.81203563867233,orange
22.638389642377167,13.378082318062777,11.645080500323392,24.054877997070047,89.37921819659722,6.9785671768016995,103.41470851328555,orange
21.39590622667624,21.66339473486626,9.258590794225155,24.60132882157552,92.07332192500255,7.007217310918954,108.01753855122172,orange
16.570330214593785,17.005419847847364,9.422516500161223,20.285599748783824,95.04251978674489,7.0297028868107025,107.26281251188112,orange
25.360226458985192,10.491755393401007,12.545641607458176,20.35943615259135,92.63459761824656,6.823580873763786,98.92398751457091,orange
25.25554610387374,21.568649702185855,9.557548698697843,24.006424106582884,92.1709737549875,7.5191520512058565,84.64219463055758,orange
21.508493765080882,13.8186210575682,5.288071957057642,21.91840970771228,97.54414637273166,6.80318524287988,119.48918607877533,orange
24.794688788253467,15.961909592141433,10.240911236822583,17.851106280376666,89.85150841048205,7.272102287298999,110.72814916444482,orange
21.46936576577473,16.399472739049152,14.384007888592862,21.708440506434197,96.81623012895894,7.04005096666202,130.33038769496957,orange
15.100087642967399,16.55395662289258,9.21262643215306,23.41841700755012,95.66712878799838,7.113642881607384,124.64459228032325,orange
17.319115626904217,13.53149662742885,10.032210146274533,22.884043464826743,91.44242189352742,6.712410482298794,124.38381907822266,orange
18.54865119746605,20.278234366638046,10.025486730408117,24.945286792442133,93.67312892889105,6.752717577894744,114.40643505862987,orange
27.713331777868426,16.75483675930107,11.80255347911935,25.079815533776554,92.92114897509497,7.055943615317424,116.5677867094556,orange
23.05313018590245,11.943507828846782,10.49460577819291,22.44776635775805,90.82541946904487,7.388789313708572,101.20224502323376,orange
14.420923758759994,18.38714867615756,7.159212286892222,17.216170766124307,94.7248030699699,7.047616675168746,115.67263552842532,orange
18.23028970088151,11.846781605172943,7.628425572764665,22.18343330170615,88.18279142624587,7.092115872113696,104.45050474358698,orange
20.740144189461223,16.46544438467929,10.773599108849053,24.498447581866998,90.96829822766226,7.055190779990149,112.83209754104209,orange
10.28443876362654,17.93957723757847,10.299884392440502,24.692146595730712,88.13946921365822,6.905268047451282,96.90164652121304,orange
22.9784055048515,11.784650373794518,8.142690436155359,24.602942384815943,90.11187640316825,6.7214828029632825,120.8806331544822,orange
23.790847026367473,18.166213577622997,11.697419347880587,22.30526216318583,91.38622107609015,6.805575616439919,112.01275001259172,orange
17.88840669069661,14.700801382219069,11.1998008679658,26.55361773654314,93.19478076281028,7.5382947595727705,101.53381313560702,orange
12.648101443162965,18.143883668768662,8.456332894706538,22.17892327467391,86.69061046963662,6.730236925796252,91.97327100104917,orange
18.262786946318787,14.816345518351149,10.179920823096419,26.719168893065525,94.03071879469346,6.513349109136856,117.29618522735427,orange
20.44701878976584,15.706520703891705,9.954600940125548,23.613657284258764,89.92433962695931,6.9452947427426075,124.207269486702,orange
17.184376862297867,12.910336071474713,9.876585304252298,19.608300629730955,86.83165063563699,6.896659846877555,127.38346261476708,orange
19.845583616492426,16.53573128334464,5.739703283697749,24.314376477322842,92.28009758392938,6.800525551588193,112.1606056568285,orange
20.68048646863184,12.821536214926194,10.66370745355982,26.591406267581462,91.31617557357946,6.739721739268868,107.86903916237927,orange
23.418452780257716,12.321043482108184,11.157116517568362,20.965956624438558,92.7261892441392,6.830700617486331,103.19579653902127,orange
26.09237966494019,11.772740228399524,10.970732355091089,28.19397323276386,94.05656577941846,6.600670894288245,94.62103389301514,orange
16.993498493414393,16.473723734559623,10.451885388178104,19.184910337100924,89.3817276246591,6.756555253905994,107.83103830262128,orange
27.9387818291643,13.200438803129657,8.046084333728423,19.60057911456847,93.90663371372669,6.98759752109347,99.2452814219605,orange
18.54881766488667,13.625469097126896,10.59178256237849,31.053129820389007,93.65259321707671,6.972103445467791,102.02029415014457,orange
14.6263996724606,18.201069194209108,11.35870835673264,21.60169700992758,95.64000194882786,7.0063320816655255,119.29712882474162,orange
21.184788008132045,15.468592360367085,8.090230777385026,22.563390222911988,94.52615200668454,6.847559466430172,115.27689674723814,orange
15.669056471903986,18.340175008391075,10.625882672979923,19.3936677234905,91.32795642943516,7.2794322727955105,94.89160951216131,orange
15.716199045500263,15.79150913564052,14.266661460864388,20.982265747881506,93.48582199875649,7.0780406222804055,102.92576119681347,orange
20.6445334071395,14.656496013715135,9.284390419766977,18.016184291680602,91.92669129540103,7.269728051986765,110.68910929735623,orange
24.36203104328972,17.740982337835053,9.88091738733956,21.116223340979545,90.54120885391579,6.558846857818864,106.79505331882008,orange
20.583995034256613,21.146263293397702,11.056640646557753,20.405438059586068,87.68189517344358,6.9380343738386285,119.741173361933,orange
19.11753465322245,17.625952525016785,9.637749101495624,25.151001304146796,87.20822593188302,7.48125463604383,96.65019862131547,orange
23.17492931891911,15.183448015993134,9.768344199266199,22.276694282089554,92.76681375515447,7.137257362984268,122.70033814187681,orange
25.631795530389514,16.995464640330106,13.427348478336608,23.278917628467433,95.23232108675877,7.128615901871844,103.4095444228956,orange
20.724936617519376,17.509515632527375,9.935603737194786,24.23856955399267,94.59608887798069,6.992988057401232,74.67334797581023,orange
26.713080605973484,15.107225709339014,8.353439558335404,19.62766911304155,90.99066229299906,6.831175650604905,101.1558864333837,orange
17.271494920621706,17.589228472179467,14.060726882006204,25.461714794044703,95.36779455426371,6.886776990565978,111.25598438660694,orange
21.705929616921146,14.02132631907169,9.148539858901765,25.56365587499923,95.27087826530033,7.020223080854578,95.65811383065528,orange
18.817632067129367,11.676006596482384,10.150404819669454,23.766209333814256,91.18786873688667,7.072513366714961,115.00281486900607,orange
21.027448171628496,12.39540912310921,9.49347134897461,24.229528934798804,96.736135313918,6.918422274928391,116.61008240537731,orange
23.512607647695294,15.41011690488232,12.29681549497468,26.60652149429269,96.14115420218357,7.13752965069566,138.32164699589043,orange
17.538867548942633,22.372232758536818,11.536598977316865,27.021161999080157,91.03988673637487,7.253342410889129,127.12368996397235,orange
15.65056542510451,15.510021154553742,5.7174946235376245,22.46500106945253,89.55197541961974,6.93466969360998,145.08372029125593,orange
62.02462454758039,50.363314779796205,52.778691507997024,35.597862174118475,90.98630873988623,6.753492280947565,147.13973311122498,papaya
40.57372038996698,52.81202387548311,50.861483592204955,34.19880505596353,89.8743118537482,6.461687158043847,141.6533112549319,papaya
56.20305667088291,58.541085374318776,58.113654153178246,32.60835890467488,92.57932940436447,6.593711371268799,151.81941419619665,papaya
44.52888482442363,70.56438652396253,41.54693798461997,37.43096047936049,92.2699654073265,6.865727374524074,163.01787354637938,papaya
56.003630466162484,54.61983867324163,53.00044777631301,37.734947945269234,89.33812486351754,7.335528553358193,148.78553728952846,papaya
46.9674055965582,53.64026369235047,48.88356462795863,30.08944333785901,90.75426659282364,6.621121826843317,126.8837952633137,papaya
55.234916364330516,57.68740227326368,46.821027276927865,33.349332129862916,93.06532241994753,6.7219663631400985,132.48537367868633,papaya
50.87957431828311,58.69594425460246,44.30267888425594,33.42299061298548,93.73801481126266,6.871641477968953,139.5505350139491,papaya
54.737409563501835,53.12026701809227,45.25506080903337,33.49749007341264,96.4926984082614,6.748975487961462,138.86951285501343,papaya
60.808966008446525,57.27836938877877,61.17366618642997,32.97743375275851,88.96481381224609,6.650091407544438,139.26373608744476,papaya
44.34596016555502,74.61184446895062,51.59313283902625,34.92849914734317,90.61436219858923,6.5266991845764615,158.3833753357655,papaya
38.26910759187167,52.14281316325779,48.76345747196223,36.70209461126862,90.87644908109158,6.824845467182259,143.41593019082137,papaya
59.07380889055766,49.49166189072247,53.679816018613884,33.602202140514805,94.77465258175822,6.454215368169906,143.36589604794258,papaya
49.28245302361121,52.98538717207752,43.59793493526518,32.839177276273716,92.389793386985,6.472926332708653,138.04889655458274,papaya
36.799418518615006,56.77610047709762,55.11793323312504,35.41036065194017,91.73923418891857,6.773095817504249,130.57609406608765,papaya
61.371070783039805,71.40657503908344,50.82411815352987,39.181371672122985,89.95945288539397,6.324676227979314,132.35564368858823,papaya
48.46356814447506,72.87239930721778,48.5942043629702,32.28068837439196,89.30462342126769,7.042006633612984,157.95952622463554,papaya
46.60165269552473,47.74529530353707,44.35703227645358,37.442487674999086,94.06642365364841,6.719638412667492,171.0324975972659,papaya
63.70828390968062,58.78436238823221,49.91214119734167,32.83590663577585,91.1461901375446,6.254102507259963,120.6442043572391,papaya
37.94138791765869,65.50602204151667,42.19298888543718,37.89992459741231,89.80886632640178,7.221204972034761,137.52418485701787,papaya
39.03669260355666,66.70267338839281,57.009328138166126,32.18789799946598,91.00504320020765,6.4282612190317066,141.19209958313422,papaya
50.754804032085985,56.89170164530743,40.90554302304574,32.838241369819954,94.11055629066213,6.637330137221225,138.0883905865744,papaya
43.484564184784645,55.3396917848143,57.0447405329098,31.720445486395786,94.16246929005568,6.714116566271057,146.67215994682104,papaya
44.87350603289767,56.8893358037125,49.971399099140214,32.95866607078161,92.99429631210965,6.837231704836921,175.5905993542988,papaya
51.9473302055366,47.52654406688698,55.8150954041934,33.59225871672761,98.03577608881056,7.141277335751592,135.4209892443265,papaya
55.05331948709823,55.43626911351267,50.01345413207347,35.351969628707906,95.33900061813954,6.968561748665872,144.1248444786924,papaya
67.38396730056851,56.809877560837464,41.963996841503516,31.17060140958135,96.42202319036703,6.6770041240459586,145.3858624708114,papaya
46.20233284052964,56.28378512420486,46.06452069525353,34.942301626660175,91.7078602473887,6.830501613341021,148.09157577976225,papaya
47.018848864569726,50.24761624818328,42.27100202000321,40.053303183390135,96.43452033326993,7.102054770067364,132.88089789519657,papaya
50.06656813634184,54.10782324570098,43.43958952417054,32.8224529592486,95.97855489028873,6.9522236100771915,128.44927997566967,papaya
47.796287648897675,63.49473903161949,47.145143024063316,34.15917248966546,93.20554234119443,6.81727916555324,146.81218141535427,papaya
45.42411978352243,55.694152474887105,44.33175074239688,30.877326812995456,91.65575377492931,6.944877884376158,122.2957640876908,papaya
51.9108127088698,63.707787280300366,40.81633115589327,33.45883779972756,96.93863060137512,6.865582305327212,114.94314276406568,papaya
54.60837623688128,54.51357923463003,53.456534650463794,32.61983646679845,91.84090266676411,6.538737169431116,143.04736584107758,papaya
46.02903878262292,57.65877055067313,44.121974958446614,34.98131919082798,92.52585562593177,6.215040347768755,157.89374990302892,papaya
48.76598428241852,59.97057437741546,53.82280836014593,34.65648448471997,95.4956094753827,6.612011343338377,158.5164407934056,papaya
50.86047232465125,62.045800547040145,52.018145863989524,36.48146065061905,94.16423712067788,6.5671163559070465,133.38099434000227,papaya
49.65172096683617,54.43939135352451,44.73903899336826,29.74389506140392,87.35221172651387,7.295621908333457,133.15249625555333,papaya
63.32422209874802,61.41892760693348,49.75120989181948,30.998789766357532,92.01400668672815,7.2676551300904695,166.36455116025107,papaya
51.91967056888305,52.107989804569904,45.21417327375424,32.29481631321508,95.8344647820881,7.189516130832628,145.93839252451377,papaya
47.878436951337925,68.2922629799659,45.10713229567523,34.103646655200734,93.38889799863838,6.441159817847081,133.46128667913038,papaya
45.00383694568678,67.50036113592851,59.57183638528544,34.22958506047312,91.19534423887164,6.520047677502012,143.02619470175495,papaya
46.14844773994247,58.41781854586868,52.06616411501962,33.189374114419266,91.43123581215771,6.644363654478309,138.2365484791079,papaya
46.90986486088652,63.57317961762084,41.14631985511779,37.148559718002524,92.40658838960898,6.8830052727959545,153.87616674723313,papaya
45.043585879786,53.51384866292455,44.83865357673086,33.50586394034282,94.09761407465308,6.524871392433753,152.11897460267457,papaya
33.42455146797161,56.6865967881485,55.83568683805781,33.65805742193413,89.5125690915015,6.502947033358721,97.57966155397679,papaya
42.91738620711656,65.3434482350755,47.086986165518844,33.070911275997545,85.00456343889077,6.210748662066232,160.8507376789963,papaya
54.321058564630924,51.21536581136341,46.8471380421339,33.94165531400243,88.41161680352974,6.09875683494592,140.61184418840847,papaya
54.008259935212685,62.55114391837972,54.376186927710734,30.89288547644035,92.17370572948082,6.619464590731264,141.69168971754212,papaya
48.51752856456104,55.037310916354905,34.91104772892197,36.32365804114135,92.98997049642527,6.254713063739048,150.09697479489134,papaya
46.86886635098971,56.48616610149362,46.157926992554835,35.07386094530453,89.6005292854514,6.37094959417282,159.97617215908994,papaya
48.747830131632924,58.115081660046755,53.462320601383325,32.66482659830765,90.59554048205935,6.79171458091685,119.87933596304352,papaya
51.5476933273775,54.465731244911794,54.277362962275745,35.09332665369982,93.24364507092508,6.217912405433633,141.44906907239272,papaya
41.75913407710006,58.77881658213784,38.423601615551306,30.918335463249516,95.56710082652056,6.810715952801968,137.69276228780498,papaya
43.638796741196444,52.49447649447744,51.000778775442626,33.312735380815305,96.63994154995183,6.644570883996895,143.880807383668,papaya
40.2804757236124,56.83580464893716,50.88495702533993,33.25442857757363,90.5431143992773,6.798072887684597,165.72234922341485,papaya
51.014785592154794,65.86511770083882,53.10801188759391,36.1687067493357,90.17084022996009,6.637921751504679,139.95839643853003,papaya
53.82394065594783,63.754476933271185,50.625280955559454,35.753413154751726,90.31000556905587,6.965613265869738,158.23714163278802,papaya
54.74247442147264,59.80501870088728,53.566616662024835,32.21199106952302,92.59508679308063,6.790153143047537,123.05726505272773,papaya
53.322089770576646,51.50708764590911,47.86040851045284,34.079521918552594,89.80779084610158,6.724766211586096,143.9983548565433,papaya
44.25872852448811,62.407846752945986,46.17921748346884,38.57594874946939,91.67156353000819,6.34861175650299,128.2348735067934,papaya
58.03306325288811,56.545090101689276,43.181180960850156,35.70742549425553,90.75327833666576,6.896025853335805,157.0334903848419,papaya
51.921244771659815,73.37544437411199,41.37628753533388,32.36409984945638,91.23214998618813,7.378352058582436,169.97003705153318,papaya
59.020836071757415,54.23525635552454,46.61242630114785,32.34287992971909,89.6497193358777,7.147811382182793,139.34349314906234,papaya
49.2195128474924,63.64632072154059,41.68236012983013,34.105291642538276,88.70938481398123,6.6116755238325045,134.20368959061182,papaya
45.534134777781205,60.35349084023819,51.10606701196256,33.56035882153203,93.11205302897346,6.439415637743935,153.2237880355914,papaya
48.55660684489676,56.09801862717262,46.026205941485095,33.517205079066635,97.61191777053777,6.6810058689692235,125.83394695784841,papaya
56.43173346749532,56.168429385249475,51.41879502176235,32.788678899146845,95.8423199484295,6.522772073006211,163.96786967866305,papaya
42.655175908298496,57.24256168570712,56.99997892953391,34.33634844956268,98.8143978254169,6.619257865228595,146.8556427944101,papaya
63.336044904341726,49.91646069954639,41.81124983409231,32.40898364558118,94.44011806841998,6.217044645000419,151.9557358484303,papaya
53.68694686142226,71.08634139921175,55.22742462756186,34.72810047499555,96.07739880545888,6.86167118233446,136.09894918059197,papaya
41.98775956065797,55.58380637784151,49.79963062726441,34.35003681069921,85.59441320573973,6.634131899522802,143.42872654324168,papaya
53.83276211415888,68.7608052950381,50.92826767722635,32.18087424750456,86.54576184919559,6.906103287433715,129.9636896078388,papaya
56.06785884012943,67.3845209129754,42.27962617010413,35.10778511751793,95.87786723101803,7.005711797584085,111.55430844634317,papaya
44.02443568644407,51.318916965497465,52.61736377573526,34.82665324697099,83.90632436617813,6.6097505136016474,155.0107974551166,papaya
51.035831938568855,59.87760151699917,48.175031566406446,31.882118117850645,91.94883252832855,6.715628035370537,152.22881780499432,papaya
54.875499470068235,59.51516851497945,55.47454182292416,33.250150663728455,87.6679262903608,6.843116100825462,144.89569331583883,papaya
53.478520609759045,51.41329191030243,58.95398044305522,35.42100482732728,91.13600932700263,6.419364056210607,159.15730115648373,papaya
42.287611525553004,72.56818894875242,46.93397530050335,37.441010429211225,91.44657864478185,7.174224012646093,131.97697239760225,papaya
50.1318546498269,63.8284959810234,53.31038568347911,36.20152366731577,90.53758365559531,6.7254425118549435,161.72582863997107,papaya
45.06321148796734,62.43524636671041,48.90419880111125,34.41174821316521,92.25365064924334,6.463515054764511,139.08960211816327,papaya
51.01452576453694,58.383656007727225,57.863679748971194,36.01991111363272,92.86994149548049,6.47105614518415,130.6396536215307,papaya
63.816677246962875,52.94068738356683,50.56929809075262,34.72189742869736,91.06602904555008,6.399338870626792,131.2265504149027,papaya
46.1744649838718,54.74304278541332,56.638601965904655,33.98174801305474,90.42859669655716,6.732087413160162,153.01933857942373,papaya
47.587662057596944,64.41188777105549,43.644266128217204,36.342607264232825,91.97314298068333,6.685596294474482,132.6047851330272,papaya
41.40504908640611,48.99996838510765,46.18611665525107,35.1753464412047,89.11616473308601,6.235465544282707,129.3640203374332,papaya
47.30616677746979,56.92699266402588,49.35553545878618,36.065212692103756,95.74776331427447,7.301638751616797,118.62639024952148,papaya
44.008812557645655,63.19091094235853,47.729843922374876,35.72157293969846,92.62134029034448,7.1737612630110394,158.6407417089903,papaya
57.42711638591287,56.52877034783783,49.51269577015864,33.389493084865286,87.48232356905028,7.14153077664866,154.1808096326482,papaya
47.584810131433436,66.82755504475983,46.84816176626422,30.323731063089447,95.02210925868084,6.316431930065201,140.06336801564024,papaya
51.44286128548632,61.31279206843257,54.24200528101898,35.16170285253502,93.64967757968608,6.462774465383053,147.41365335901486,papaya
39.46115020964926,68.37282619071698,42.98717588090888,33.30712032248731,88.04337728291965,6.480950114240304,143.20142623148075,papaya
46.29869331038799,65.86547754887373,51.134505079813984,33.074180541542816,91.59925421007786,7.065910137116781,156.633063249267,papaya
42.02860374189212,54.91608971516237,52.37394909342186,34.70673317205408,88.84885537580371,6.924737976791987,129.63688789720405,papaya
59.12678741699439,62.17669493749773,44.340377746771395,32.94184659707317,90.36061815641413,6.7479630163907,139.94034652981264,papaya
41.98157760632752,50.634445122664545,52.74511667198931,34.572473729128326,92.31661267161509,6.781219557688138,133.71621278712448,papaya
51.287946504426,74.2310333899056,55.872835603735716,33.42318309808032,90.42988475869628,5.84186818075253,159.03041229477049,papaya
55.50623747642369,55.73703218434105,42.84146158561436,31.68946511362055,93.33319358743827,6.673197779901246,153.37388026410923,papaya
50.60510196857728,64.80055299269891,51.847875701961236,35.65759076032136,85.7309497672342,6.329696328850762,137.53472495168558,papaya
57.556981494301695,70.28317835640644,49.17882108806561,32.77683987222364,86.13509436722659,6.959069129221949,134.74714137208284,papaya
33.83333867743262,14.78178823989646,39.42110038744266,28.496734767174935,92.94347120135727,6.069643136593076,189.8848494779084,coconut
21.098991229933667,19.513948131656896,34.26382863739464,28.19267700118826,94.96705326390499,5.647517973208162,174.6178632414458,coconut
22.704258654863374,11.371847386886525,31.676941263965375,26.806397470379714,92.4067478584301,5.900098082792473,170.3867657569826,coconut
29.720378133973675,17.660355038532103,35.144181005258396,26.764369391018704,91.25216696632984,6.201702554646487,164.15263886742426,coconut
20.657599480048358,13.84108625265359,31.29107145568544,29.130356723244905,96.86547621694925,6.475856852335549,207.103270243174,coconut
13.816503078967106,13.419138317212603,23.76723368669379,28.26386082077918,93.6138364324017,5.853245900446821,172.1012462253058,coconut
23.530282752363007,12.544036855980632,25.96454614946365,27.002592413062214,97.39749187230893,5.992380779024675,161.75012528512343,coconut
13.407165278649455,19.858026755180838,28.05627340243808,24.70512616849656,91.56934954708244,5.56826975665741,158.69814403183065,coconut
21.044605055223396,13.373774885718028,31.742832150190548,26.507104520163796,99.44398457836905,5.488667065082201,178.90662974562287,coconut
22.696019956163827,13.908327788230554,31.381009589789844,28.539188732813432,95.19298296511566,6.4153388654459516,136.8016228742839,coconut
18.63106634878912,21.425168141692833,34.6481053330554,28.081023422532574,97.46643081303891,5.425032636389469,190.32099192901077,coconut
26.25748064967769,15.02389950147279,41.5169484715649,27.392697928124115,90.61446191498291,6.114381599380126,163.04251946019082,coconut
26.659981095718074,18.643832100173896,28.608311710895237,30.00490383652579,96.87890261195862,5.75162400369537,173.26318854990475,coconut
24.06766716305632,15.907210211682134,29.66240238461098,27.07345005652897,92.86840283192522,5.33017039842691,180.30442752197666,coconut
14.044400202819258,14.020883890565838,23.91367056420571,23.703111104477394,95.85271034823859,5.933307550481978,171.34879180157378,coconut
16.736392865503962,15.032452733484316,32.50582063684075,26.895825469387,96.64534812208397,6.289527603637774,171.46004255135222,coconut
14.591002856318031,14.730065302801352,30.60924287650923,25.44702589599177,92.8907515773325,6.020925685267046,219.74545584919906,coconut
20.0472477518545,16.991582442524674,25.751856491076047,29.486802110083026,96.74948608670285,6.241720241839775,200.4763246034854,coconut
20.290634581220772,16.092746540463136,37.8395141275466,28.265456205889116,90.56155635731167,6.136446292691103,165.52943490614726,coconut
25.59268729862663,18.22457140826052,24.037828943908803,27.537660340990954,95.42125545450321,6.1090387459394355,186.35951933443957,coconut
27.983863839286926,18.241666968842896,31.091593841897858,29.29593510837645,99.48548144717954,6.274521226250426,179.71171028254562,coconut
23.730122199075673,17.768131278194772,31.07407366109331,31.33034166301276,93.50189325136714,6.34647174847281,173.73457503138968,coconut
16.078323319445104,16.43504676924048,28.812896664984343,28.15515463683532,95.18260044531714,5.6933919409056095,202.47814244281489,coconut
26.3605360179029,21.758166596289204,31.947858656272466,26.92853386343862,96.40712096523724,5.826757493723729,178.34107198495704,coconut
21.29728840271454,12.616897048430237,31.50982201935629,26.118066216513395,94.51489567196339,6.1091354836949865,198.90559641175926,coconut
18.604919637808088,15.99032535461193,27.93966921456076,25.339638824402016,93.81086211270045,5.941064915155442,186.54568982379507,coconut
23.281783059139354,13.829429002750253,36.17664129566861,28.888824612954075,93.19762869878059,6.367233267575868,181.88489142673296,coconut
21.374178788299016,18.074240133437936,30.896916817497914,28.090157308962812,95.37463104626234,5.898772184318339,139.5351183350951,coconut
24.108730162527706,15.8790341648398,34.111786438580985,27.96335012455144,94.30467157768798,6.306896457323201,179.68714991305828,coconut
22.65457138951235,16.58566793971057,37.73422284895919,25.573466541808685,94.35465092508188,5.628799456476001,189.0811593918411,coconut
19.671403974569305,15.589893254821035,28.932253471371276,27.125443832124777,92.49848083068171,5.327026420169322,184.23867267306989,coconut
13.545769175185159,19.562413351932136,37.23411099814059,26.671552392129932,97.59898589344098,5.992723074137034,204.78634086340168,coconut
20.175128591547157,9.905354571706635,30.680353023573993,30.41592638682148,96.06993661188083,5.8454030314386465,181.92022104712518,coconut
25.88449935381021,16.743150683256587,41.50556034136952,25.965164086961025,97.0050214440895,6.22858117094454,163.40310635543497,coconut
20.30223893060931,20.054295942438095,31.579151550416967,27.676143453454547,91.72806529259128,6.19679959654863,181.17134319348622,coconut
21.744359909435385,18.082675589177228,29.363129171503,25.81619499223305,94.51622893672177,5.860739046504511,215.2495320987776,coconut
25.647482915374358,14.094593228084896,39.14518400904337,26.134286777127375,95.05891073492857,6.269225158479396,140.54020620984292,coconut
21.051896612236124,15.279998447098498,31.820320318176538,27.740099366530885,94.8454812693353,5.962905810546304,195.17236470743802,coconut
23.20594372133615,17.12427503015583,31.591482365840555,30.671777995060438,95.34534795396821,5.845665448510289,141.63801640500094,coconut
16.264250503860186,15.598922314760717,30.56649262418341,25.888757080779524,95.70228795409162,5.8294475866475075,159.53919313756225,coconut
24.45057534142965,21.10818349063404,26.57132960901381,27.487431727415622,91.18999068369236,5.557638560781852,165.40221509641088,coconut
26.539641729508773,14.663881910883577,27.735598100937803,27.0721745637889,95.0741672222997,5.7644605581735995,211.7519882107383,coconut
20.938546507538508,17.34075494725424,29.392881849158233,27.879943124302358,97.46991511940823,6.499099109086372,162.27921784525014,coconut
26.40318070520485,18.649042458653053,34.89814643784031,26.816241454614406,94.62591845343565,6.280714393714198,193.18446510901316,coconut
28.262882255447543,17.595642666351466,30.57234148946097,22.08029284001159,91.77747892400933,5.881724518444982,156.1809392375681,coconut
25.256522261732986,13.069937115263139,28.99478268659885,26.075947013723024,97.40948616679889,5.817528375294107,184.14341812486379,coconut
22.78282451009087,19.709865456341838,34.40086020846592,26.933119774260913,91.60741097478564,5.9304777340063115,175.64079839842125,coconut
23.14403693261111,14.78733456433757,35.563604473634456,27.027238836629984,93.15900530437575,5.862531648377496,210.71376777140296,coconut
24.657511571785992,20.145369666693213,26.833652121146343,25.6223406156324,93.63715538823752,6.055318121276587,172.86796704045994,coconut
20.042022354971916,15.907791222489639,27.823859253299723,26.64032142619718,97.2264311676675,5.546058194535074,182.23662980543415,coconut
27.520370779518494,16.4504387043033,28.884495883416417,28.848462971901178,93.03155624626231,5.993192541018381,157.2828061930569,coconut
14.51959611990288,16.544047205615612,25.946419746932065,26.976658973341664,97.2300592487614,6.556276622003887,177.68352711097776,coconut
26.076863327902398,18.1968879503199,29.467545544499764,23.15044729213821,98.25298465416424,5.685269343215663,200.88987640551986,coconut
24.147230517049003,14.071961644257923,32.24799344727581,31.26582212257066,98.07130516172754,5.846186083159665,163.18434635267573,coconut
22.40083214926429,16.50345881309049,35.798949542570924,28.47917827284361,91.61551679694315,6.137602576627174,172.77636270438737,coconut
22.148432544112268,17.746829042781975,35.79491602110641,28.95558592709204,93.50051451862541,5.982416409693099,167.9266149285702,coconut
15.27261612437361,16.671888477196728,38.37901771023638,23.575913212500506,94.95187641267987,5.983158556377098,181.17923849175776,coconut
18.149100170424276,12.724668227600139,25.485609372821497,29.66186751666296,93.03462805127629,5.850131342504048,213.88338677503353,coconut
19.062977372894174,18.02719879385278,35.25524670650203,29.031440373958485,92.33684728591264,5.78599426568955,181.44255157253573,coconut
29.71606982953317,14.715468024076413,29.025548063555693,27.839148842802008,96.23931645469675,6.204076201290821,160.7655944329736,coconut
19.871807452262377,17.646503599405907,36.049245250513124,26.523031835763145,94.95539619983236,5.692221468858177,209.53808297406036,coconut
22.61705178856684,20.233264338670224,31.119588832270402,27.170534130486825,91.99938221829588,5.35477143909223,198.53429381304727,coconut
22.31223285704968,17.619284368959853,26.00378499119836,25.193871644412752,97.12460400226998,6.522043131252431,164.81706775209406,coconut
24.685933153452222,17.570074798044814,30.517884239689096,30.70391804035664,94.09359670795449,6.372213791105246,182.8656197067569,coconut
21.932442710540723,21.116051519099237,32.16053799369211,26.807144940175437,97.75888434596406,6.374778676131568,197.63533978076975,coconut
6.448782633521343,18.320529877215233,31.84846877227988,26.930273491829027,96.21955926794536,6.078167061751358,188.20053351188926,coconut
20.92815276898003,21.494541890529476,34.115776767091305,28.08505318102968,95.98741046741372,6.347184392248069,194.3903801648388,coconut
21.54891178581485,19.970931142469887,31.69620896016818,30.833853583000657,97.19545562209393,5.812317204431492,217.9527924101048,coconut
13.591840656040683,18.912064222007125,28.215010682218857,30.76436058734604,95.50561213059058,5.761861360473864,171.2030951800475,coconut
19.144274165337634,16.082669064289764,29.68540953644198,25.49768826259789,95.54012762316525,6.11736724902202,158.0664849570326,coconut
15.366924947824009,17.932869356448716,33.127682204478134,28.460433523922468,96.10234876318826,6.471815032721097,193.94722196476275,coconut
32.719312785662304,26.301941590498835,23.967589649421146,22.60572273752831,94.98521740430657,6.151269728964096,174.634069837897,coconut
24.81432178423104,16.189273773804874,28.224196946343508,25.91421828029791,94.5996632618716,6.253053703218045,167.23866746001505,coconut
20.84412518833318,18.710650532133062,30.204814409819242,29.23342110129078,93.16098753552988,5.659090873060354,181.48332261233017,coconut
23.617153849059186,14.405121517749762,36.3743816053097,30.849873619540453,93.74429157431857,6.446190201819357,133.12162090398698,coconut
26.3044490668721,14.426711686614748,34.90429072788856,25.077448028086668,94.8630249307464,5.756965321037448,172.15014743992253,coconut
29.31969611572178,16.67618661021978,39.44120649570334,26.22837487781433,97.9835294076136,5.512292218046159,170.84283700319256,coconut
19.855560058698572,21.613116802391424,31.740995144144296,22.82383366070501,92.37974069055288,5.69620132518618,192.81290529401903,coconut
25.220029934625103,16.098801701116642,28.80596082552971,28.432776481700106,92.74095381513608,6.1373006933851055,182.70532394366418,coconut
20.901641627732943,18.193033895137148,31.408377412298737,27.99483898951308,92.33179538303982,6.1843505941586105,194.4788239310409,coconut
23.28380568225778,18.8036475529745,30.56032273036095,28.782665132526088,95.1304942559597,5.655617615263617,190.76389078789867,coconut
15.46341500996891,17.84833923286515,29.46310859981208,26.103748500590576,95.34397749985241,5.787213542754602,185.21970825430097,coconut
22.22718653048801,15.148118145763405,36.35271828018527,27.409565220598996,96.26160186684896,6.424976618848326,201.2032136442987,coconut
24.319141815424754,16.092025396970588,25.281184849851154,27.41338140095949,97.18916863163477,6.106294445817985,113.99748710417785,coconut
25.48024861930587,19.794497464327225,29.795111225094747,28.976723350507044,96.25593082878676,5.794347962315391,198.8834200919183,coconut
16.930092307575546,16.828265986883192,30.37199074891166,25.34912369562244,95.60758773529793,6.393110669871917,198.459353693505,coconut
24.894656858967664,11.912232479359114,25.656190796491522,27.332338239517536,94.93152991783292,5.850576051750505,210.29581755418698,coconut
22.423440612684566,18.627238223572455,34.951575523793785,27.10991689934492,100.0,5.717888309269289,165.0907113819058,coconut
18.228697126869974,21.68797485928191,34.20834349687459,25.911696174562813,93.27224725009044,6.415467150180781,182.51037887609948,coconut
27.641671874465352,16.81955194765533,33.0461412897344,27.600455310488005,93.75177733125186,5.956756752357297,154.6825398026298,coconut
23.976427294908973,19.28374623904058,34.96064480042128,28.33308978634201,94.74357972699396,6.465591193523095,192.0615527791318,coconut
27.554185206628418,21.353860113411052,30.497601378772437,27.775758913786476,96.54913036699496,5.655257463739672,155.7144828971816,coconut
16.80275341601969,16.67569973444033,29.666731763153606,24.128658743409524,95.29871645539735,5.9713143249850225,197.28032306138587,coconut
30.051916316529834,18.369351021242696,28.21347791453506,28.293448754694136,95.01860584664095,5.927962423865551,160.49117981876338,coconut
20.143119843111972,16.466626966178517,34.21638556866179,28.02205116081573,98.651152285857,6.202301422153941,183.6373086421225,coconut
20.775078538109703,13.887611054459867,28.720426232587425,25.600322674476146,89.87818636413638,5.697410465227748,204.8397757045875,coconut
23.474400851835973,15.870428433964712,32.59391928856008,23.093190948541253,95.56419543292485,6.383247678944245,173.81991295239115,coconut
14.912041895005727,15.758178395669908,36.11704797993248,27.51725931379534,92.16337981041286,6.710288753755162,153.4314467075876,coconut
21.02830167354714,13.887841998043388,26.855991940345596,26.095697768529686,96.27230031969215,6.387159433565881,169.04897290341572,coconut
17.9594257832603,18.435917949979423,33.03185431571675,27.480752671106902,95.55147962581347,5.966230066096895,177.76671538200586,coconut
116.18348871376429,51.35121863518561,25.68537850211763,24.359306303414385,79.97371100811456,6.87675840970702,73.42078199016709,cotton
125.6497837110482,48.205882045405644,17.73858937587193,25.804133638084956,80.07595907338155,6.508983008457688,83.5160444542296,cotton
120.36992503399327,50.802090730553125,21.494640850224545,23.781547338742477,78.11165225434588,6.80052312501734,83.63308879668656,cotton
122.8375437776505,47.50706104068059,18.727714169584694,25.993634040046448,77.3027924236269,7.543821035646447,87.63070380153759,cotton
106.7251459682999,46.92614665468208,21.318050554096395,23.30126178896058,74.01942380969317,6.488280817520331,85.42092944345552,cotton
100.45383527431628,38.75327714076989,20.610504240801777,23.55490156630634,77.21687844158082,6.65158035580324,65.2918618715568,cotton
122.84453430454946,41.96728222491277,17.39274344624839,24.693570273174355,78.97348985818313,6.588604007109699,60.10561575276071,cotton
121.67425845867815,46.39496483804201,17.44783762694988,21.925201789066307,80.0510499146141,6.94414152815773,80.97758881324305,cotton
134.38065520492154,49.52387251302514,18.678150730977876,25.47655751219313,80.19464911356431,6.813557826356796,92.96363797311022,cotton
109.01942121859481,46.116548240274795,22.569130007948814,24.61798111634978,78.52378805852489,6.288152070387749,57.29653057806291,cotton
138.7618118976075,47.54255910625406,17.247780582741214,24.69891377825968,76.2093034467866,6.70063961678112,70.59059607007035,cotton
103.86726415435496,35.47507527081039,14.207027823313497,26.04257552787492,76.05247215515988,6.960467633540864,89.56647389845213,cotton
118.16579685207458,44.50716393839465,19.399068761582992,23.16675926695177,84.81563704822652,7.362960162243348,94.49811830370956,cotton
96.48436765226432,43.81486620569943,19.01247741634347,24.926115920845085,73.0907418491918,6.27696690188931,93.06789749625392,cotton
112.4088068139022,38.56296830773384,15.689077576831117,24.78094928662443,76.70980925414601,6.8724876926552145,70.21272637253496,cotton
100.5579987261598,53.12190081610662,20.194569733866928,23.33249827752377,77.91455311327356,7.2394701107225705,85.91530045528725,cotton
129.4681303163576,43.081536612554,19.151999620538735,24.804397831993064,77.79972356274463,6.771340367298908,74.1638966011675,cotton
121.99059197502217,39.3930291807471,20.715910057741173,24.62142640348582,79.18676588597071,6.934855143695625,76.35059536267023,cotton
111.29869258672713,48.71863077394339,20.761042015463115,22.98545952238193,77.62779083102777,6.745107954871862,74.47994347185983,cotton
133.2511910988227,47.58237857097103,19.043800700641643,22.134550052621943,82.95595778814656,6.616518530016675,73.4725268891896,cotton
125.72614663076585,47.93661360495949,11.489657172593327,23.68445847247138,80.50207848219048,6.698121153265652,81.60363665689805,cotton
99.9031199709099,31.844897003296374,16.073595284889187,24.5644942435343,67.10017508591643,6.546936179828148,60.77239030800613,cotton
115.57375827468653,55.78949628977925,18.348472016007694,23.784994309338263,83.35692376315293,6.806391967343172,77.85008229810661,cotton
127.26645924145004,48.35943575255903,19.86587728469936,23.72243969486507,78.61574118109175,7.075151265569499,76.63537380120827,cotton
130.31252879356012,40.764268168553585,23.301351863517333,24.944080166176835,76.12586030779198,6.9526935903656915,73.4969710168272,cotton
118.33428054347476,43.566864314273744,18.601263507600766,25.882861587619733,82.07404660858674,6.462390382469276,69.31903558341561,cotton
120.70775610265333,47.71593563447888,16.976665061838705,27.182630965964076,83.25397974907838,6.612327090384562,72.77744684184007,cotton
115.72186786286753,44.3407279446292,22.76847248119533,25.969045945989773,80.14027805400556,7.003371668266764,88.22975226344549,cotton
118.58260728266535,48.01309339684545,20.782562662276845,24.975211447297767,76.88478468609684,6.596687072796181,77.11405338313949,cotton
110.93335720953111,38.634497136821736,21.02785588284712,24.692816253738002,74.64253369482981,6.727724986481739,78.15714182747372,cotton
119.8194442850994,40.59038775676171,14.938017292016763,25.039448992067822,73.8641519509255,6.730200952083601,76.73922814241773,cotton
116.76715681773214,47.26358810588926,23.79571185343422,20.8010155988182,83.506326330931,6.046352628160586,93.93711148817319,cotton
97.57130659462842,58.181973190173956,17.830696511568537,26.58076612154607,84.33662409364345,6.669053272608677,76.402507818124,cotton
109.62841036867724,49.936850832221445,17.729595687344595,22.36203294389853,82.14910404782461,6.530847067578275,76.71017708247997,cotton
119.07105864872193,42.78785255369366,17.525353957240192,27.069966402278915,79.18305919885941,6.692111912064916,78.24874861931278,cotton
122.54454988499067,40.83068158663068,20.28164620137516,24.511640380118482,72.84537846370353,7.338276681022628,94.60813560763206,cotton
109.99437067255163,40.38786731151358,19.684154491075727,21.148273424337425,85.45713181480902,6.659463879274282,96.21806928308817,cotton
109.75596629613733,45.4389895721664,22.801637819732097,23.353521040722338,81.08836697270296,7.127797626691404,74.43952549165833,cotton
105.38260909452309,38.70644701846211,20.750298248313623,24.777556773995236,84.24665269232436,6.717786584305223,65.69262742399458,cotton
94.47247693718424,60.33981267175851,20.58076905561251,24.27358351216459,81.11455904125526,6.370598315530269,72.05128009036953,cotton
135.43330127991243,49.29173642926109,16.709207027116193,21.546369343833522,77.93722356422174,6.7053708058331365,100.49146035846704,cotton
116.11732624034045,40.052241079334934,18.824192909169746,24.528676936756003,74.87781368965051,6.920649660335784,92.0891595227157,cotton
119.38671283250763,42.0146742407516,17.41338868728955,20.682328046676275,79.46465906358986,6.893233987048974,71.03367415134522,cotton
137.39700151027628,49.961397477255744,13.621667983154673,20.455474882984884,76.06390478918473,7.2719556220277815,88.90921710552362,cotton
134.23712195558286,46.05104643281378,18.371532016113168,21.504981027878753,81.39873569966718,6.741149549924893,77.65327809518138,cotton
134.18050841052838,45.3682719856772,22.992944332143054,20.823850677714773,90.75244893145168,6.688018861473389,87.07184023274026,cotton
126.66272911946513,43.513216348122825,21.45709027017716,25.742006353162477,77.14742199581693,6.589609932745432,80.45306823484742,cotton
116.84506052314664,52.96565047924767,21.108004554835237,23.859152861073817,82.42431183483069,6.186004076660993,73.84689026368258,cotton
120.87821008318888,51.576827509462255,19.59930800396738,26.916477999955312,83.47175943210105,6.653501172778596,78.59969354046231,cotton
122.08421686238572,43.75682223571818,23.59387053374978,21.78254773141542,81.26442580169754,7.020634044081517,76.86553010538897,cotton
112.61200667350752,45.619593517750005,21.435995538355524,23.000304004944294,75.72431525236283,7.145175433097908,83.99296472935588,cotton
128.07857430489517,49.7966586563372,25.539667924845894,26.22994407121309,77.10368175250072,6.941080390169475,74.42511278956454,cotton
113.45873836162167,38.937497996923504,18.141660454400384,25.0900685770694,79.73591317946504,6.470189479025392,64.76980667531686,cotton
139.11845935480568,47.6258037652075,16.52779249120034,24.923566919405754,88.75674431122435,6.986138707893768,52.12932130971467,cotton
144.52291687986943,36.75376759854811,18.381964163869505,21.7331913999343,77.03999156010714,6.885322905494791,59.28976491201391,cotton
117.09754414510411,51.7367121137068,16.470279026237346,21.21942988011569,79.44277959137703,6.698497552984587,74.0477232966553,cotton
106.11653923882386,48.59592290593061,20.78579053432519,21.868706531087025,76.29098542158496,6.840947598201717,70.35028341912333,cotton
119.78661982696788,53.34023264308031,18.820531956315058,21.572767265121517,81.568413989287,6.746703581144115,78.49842962508686,cotton
122.75322872878789,49.45518701389163,19.106506496419914,23.87863936658143,88.25416596189356,7.160166199672189,88.33546118065168,cotton
119.31205945880197,40.97128382052513,22.382159157801983,24.288588293436042,77.69132394470746,6.727057863923691,70.33817433761851,cotton
128.57329042985862,49.41518541560893,19.544897384585052,23.91442885274946,77.27732449100063,6.160978206872444,65.87073103339934,cotton
110.5735466048071,41.535168089930735,19.868081873848197,25.62298748394664,79.48624312439586,7.222675080536431,72.1710228041337,cotton
116.64462873251722,45.74506410361202,22.276558986503257,24.211774164164357,80.53427565823252,6.303547065497623,71.00093290789245,cotton
128.95952273697583,35.62328868201408,23.028977957291882,24.999328977908462,77.00991468654497,6.550385307077813,98.95955299848308,cotton
132.11405806479422,45.40279614228251,19.403775188357137,22.707637278179455,80.53913591130443,6.597828893429211,79.21456975825821,cotton
136.1032937976474,45.52192976724787,15.85593435617912,21.26725590403005,80.50847102945792,6.571731453652163,82.46603141982537,cotton
101.80496906871454,49.45125067287941,15.819505384620985,24.092594518554677,78.64678713024011,7.315516688683661,81.71489173429528,cotton
137.45471948114593,48.803712000312096,23.276217766937435,23.582403587154158,81.38201219796129,7.165593076705687,89.04959948584049,cotton
123.30993278184569,44.36032583606136,18.523670518579838,26.27532390320671,85.38364499492856,6.622141181216098,72.5624102564503,cotton
108.95866211729783,50.148503078650776,16.211574933812443,25.635206812043496,82.18276137248405,6.636472446690266,95.63859313851266,cotton
103.37741091898774,54.2976629987928,19.95665759273649,19.853067286682617,86.36751854328645,7.091663751265997,75.71788316586962,cotton
108.35279434758604,38.15466628080807,26.246338485431174,22.15323625167631,74.9456457519963,6.8803757373050445,63.62106533238885,cotton
108.18451601555444,50.97484597080234,20.39263178445814,23.227260080521237,80.07322669172552,6.667258840939999,79.38002190630961,cotton
110.38188617440348,43.09880340236286,17.167965587363703,22.54827829628849,84.17564398566593,7.0310352176039155,70.6763673160905,cotton
106.05606207457429,45.21361678434692,25.465862794868638,21.944589592606903,79.35510244118385,6.826616124115298,78.9135782595485,cotton
113.41790125780511,51.77539986099277,20.363375868830364,25.69161064749015,82.35751979866532,7.068184496541796,95.84405832974063,cotton
131.31043966788334,57.62401979797957,22.652023844221574,22.661106446944988,83.38924816722331,7.013130553695379,99.20294905232188,cotton
108.3284148332371,48.78975540696468,16.956788965699126,25.025090208200268,79.14101334160112,6.943840641257267,65.89661813918576,cotton
125.93226481555898,47.0302975759305,19.456578645315712,27.90045659969466,78.47006640692871,6.902679627431595,81.00270699039255,cotton
119.98039160240732,57.109019523213895,19.191421277241247,22.865440401023474,87.48361118178889,6.707693370368311,63.94821852790945,cotton
110.5915629357115,39.76706252978572,13.600103601056645,23.27396999126373,79.71913613890626,7.154158374538672,86.29401612062065,cotton
123.83834308128667,41.5339499740114,21.654799785892344,26.78246567279747,81.57828356618464,6.926755260889378,67.35307700300021,cotton
128.54435807605327,54.904152743807096,19.96885719714051,22.81128544326503,79.35202057604863,6.673873785496223,76.39550346839705,cotton
124.47983063694059,47.39732055835171,22.011809817914106,24.741805089556443,76.54364810408727,6.649792392845183,74.37158927212143,cotton
116.13529923381549,54.97356845707294,24.864698774942884,25.67320240089317,80.47505518733448,6.3915043341486815,82.20008305730083,cotton
110.09992703562946,54.152609482829604,14.181682930628533,24.768968666660236,76.50304248939852,6.797145444354959,86.66068190311057,cotton
128.21968688782098,45.69654899534209,21.283649650544586,22.675059802775795,80.98215353909288,7.1006622243313595,83.32099478139988,cotton
112.70656303626694,44.604788162182835,22.046968187643817,21.816310766143687,76.22273946397019,6.980476627943521,75.60856405458202,cotton
103.46941803650311,52.754093335209554,15.701199136360277,23.601139973360723,77.5219174252516,6.710694954337933,71.1538054234866,cotton
125.14279237693462,46.55411762153456,21.950960785632674,22.781663576916557,88.53208707979684,6.228605364348817,64.14865092077706,cotton
135.53084847716428,48.37020833723192,20.024158249168224,24.86255061463602,82.2848290806018,6.889930316130185,70.34095508374895,cotton
126.18190905072791,49.30339105769116,23.28529344021949,27.52848215380233,81.32190431857305,6.431735294710345,97.72522931202137,cotton
107.81850064997059,47.68982096836191,18.229798220737436,23.138749299630415,83.05720048612608,6.873337879780389,85.13241491268131,cotton
109.8431370983663,45.1296251731267,16.6913950604779,23.60185682404507,79.52495110053036,7.353291251961439,77.4061148553126,cotton
96.74401675469355,52.97545768660393,20.34777812207807,23.737979130893223,78.25113853255561,6.5159223031829345,99.38048097086492,cotton
118.51844888660037,37.311244282592625,19.983220099855725,26.41234340406968,80.62573867341399,6.529521958341406,70.08925713975343,cotton
108.82681072280765,53.608289985234755,18.785007834289527,20.64255117064274,81.53653570337785,6.842311035672066,75.51104533116668,cotton
107.7959324391119,40.68052550113562,22.259901446399013,24.495025711610197,81.91457465864714,6.873427642874036,83.27688704911822,cotton
113.3160533657176,44.970853227596116,22.494735416275127,26.829180335638224,75.111632048961,6.737522350067665,88.39285358993665,cotton
136.82079732215732,54.90979790665375,16.6127265551605,26.55009223641165,80.23454520842806,7.113324991662721,87.88278680821287,cotton
67.88828765948189,48.74986978313588,44.02278636467716,24.959689489944335,79.01473429077352,6.228500826468074,187.3051152979168,jute
79.66998694251129,41.389080426449574,38.6966400124944,25.309006498255545,77.76545684378932,6.700803138252968,143.5012123503379,jute
88.79537357481564,46.07954642483142,35.60258597403876,20.080582303224634,84.11653976413356,6.867427465817093,178.79234284244293,jute
84.90918401011683,50.30449198148356,40.77775228021413,24.491571565484367,78.33143360553896,6.82628260717156,200.14656474782828,jute
77.17677462947223,53.38238702958361,41.49260989380965,25.761381937033324,89.6204378692959,7.19580346486553,205.21496639898788,jute
71.61909073306514,56.960912510781455,39.671132823520175,24.545017640492986,71.36300634634705,6.797887247366147,155.4996287541525,jute
81.26603062837593,40.19217433381154,47.190799351179216,26.103147925753458,89.11948630299831,6.393092790552246,202.88522640474355,jute
63.57830066373739,47.04037738237147,37.4735075202322,24.104086929499285,77.93401432836468,6.425585144394601,152.32561048028754,jute
74.46058554454824,46.580141986434356,44.654777426504076,25.590700793242107,84.66616080517754,6.25654693841287,167.20655069724265,jute
83.6880393530914,47.71595377895679,36.55529954136329,26.868137784331804,77.87490727219007,6.466790931581884,183.76505968894256,jute
78.04935492267388,43.38543832485695,37.77252589901158,22.860406400386605,78.41700701576454,7.0300028306462305,179.40190833378696,jute
85.66875264621876,48.580342688373506,37.55101517211272,21.701717450431513,76.29258254118481,6.498629256670744,161.52550833475013,jute
85.84815941487776,50.85294233424851,48.84751856110658,23.47255765761523,86.38979322425766,7.177380161699239,170.81925235530045,jute
81.78844317552188,52.20366624570605,39.76430150935096,24.727216445570715,77.49065031553019,5.991988444401091,176.26848909679262,jute
72.3210453803726,40.623256881915864,41.68876660057726,22.097375518357804,83.22431956512247,6.845079794578156,167.79652218944946,jute
77.49351797724432,40.04889452922879,43.001354413461506,25.37472848210253,81.04739981835817,6.850567113901939,163.43652254994896,jute
65.84753380063253,50.78659187456316,42.75487365444963,23.92928239345813,81.63644079652016,7.0773920316153855,195.49661445551092,jute
73.48352930854404,38.556194772828746,34.73113944161299,24.376547974089778,85.84926853314863,6.48146637635759,164.2660986458316,jute
73.06471121505345,43.34134601855666,39.95509262365349,22.43989965089649,84.33743982530781,6.656553676597106,219.62442234505602,jute
68.61143201159987,53.949330859124544,45.56538159194595,24.176631982308702,78.41975754595254,6.423610655161031,158.623214345688,jute
77.99515240180114,46.1034799212318,33.59057893223534,29.587010646651727,78.96193257134775,6.719683683165156,163.72772619855806,jute
75.86392368726533,44.21060944377896,39.98827829669896,24.97082017914377,83.21946539416427,6.768165981129633,187.67709436719105,jute
77.92151342555653,47.156262775529456,39.03477726926691,27.006223468675298,81.2904897180637,6.65257754364613,171.61761757807622,jute
77.12608527002402,46.15221961838516,39.77455559512432,23.88231668957728,83.05960222107305,6.948422797764451,207.10942308221343,jute
73.17096231484192,49.33219362576053,32.36345073486927,26.658086130043774,74.17367153997127,6.404700668928315,180.98005592228472,jute
73.0280077166215,42.208232449985445,38.06073591000661,26.45925198383705,76.26843841432903,6.68375354073324,168.18418687829194,jute
84.55912617063211,50.239608770414215,32.65887281025555,27.09021883752863,77.55697637416475,6.770887659579002,158.09964267310067,jute
80.96907682167827,58.756744768105506,40.50866224514013,24.080304564707287,79.07135506129784,6.259291012828594,201.08133915096025,jute
80.50306486077288,40.755510468510764,35.93472683948499,25.030564758297654,83.72798157335394,6.354703027378909,195.04136815360908,jute
77.26693158434477,41.348783074964516,38.12923829370809,28.49710775425942,74.44714665381865,6.480432113216156,192.14650452342858,jute
79.73165634762908,42.04379590870974,43.85917294545929,27.02459146633836,81.32556267407233,6.516281023724946,166.75051684298157,jute
80.27740852238719,39.4403546939331,45.31113952453245,28.400418177351675,79.05618060063891,6.806831347729243,196.34443677128786,jute
93.6444867085415,53.78490667745349,33.05784994656483,24.368892623344962,82.00275300593287,6.551734810929421,207.08980141072658,jute
91.03500138242106,41.92034929370635,39.35039992037711,23.500891727620726,79.21948622357532,6.632370295199985,192.17664246544345,jute
70.89228269012932,32.91625197522118,33.58182767106072,22.94339677458654,77.37723364401171,6.756152320184564,155.56370970048053,jute
68.31119527792055,41.35276291173945,35.53738399536088,23.89101251140871,77.61085041641974,6.906717045092144,157.1884710687468,jute
75.13922697336183,43.27488660041615,43.23553990415027,24.691441447964593,84.20278689359678,6.354288947198557,174.11140104817324,jute
73.39287186376055,39.869769510571984,39.72995583605977,28.465855516470448,76.58836478829546,6.66176350544867,151.37983084733406,jute
66.32617782476792,42.063738353285494,38.20006795348328,24.1888339181377,79.0958999396831,6.205500207788989,163.7329681928745,jute
82.0140677872294,39.20877463552731,38.57941722061972,25.585687519876135,76.87093231190532,6.802457318848255,147.61972697106944,jute
85.10759658345765,47.82900366546848,40.22266161403787,27.24963605261168,78.68260376305354,6.514643166261426,199.70579711375044,jute
92.72612641787836,42.532811469411186,39.54502705156874,27.090085086522908,79.68741999275692,6.878376552621395,189.0472647547909,jute
73.50156339554765,48.096373317001294,39.975229221960255,22.566262813212475,76.0413894142864,6.504274922681089,191.71335731444688,jute
85.69086529850662,49.74956459160809,41.76044281306247,25.82565261431288,81.11024179821932,6.822279116626491,183.55652650595565,jute
66.76462267418096,42.04876427027881,35.88431350207183,27.214290015308016,86.61640041433445,6.049285623876347,203.16666301368988,jute
78.69377098825224,51.063599095793506,42.02586861833959,27.880790107199843,80.83896973342999,6.290963662356125,173.0978520920822,jute
82.12524836885444,44.92019449232821,42.63092688861068,24.86860522271911,77.61796272354051,6.374206485006538,167.9473231143998,jute
79.63657319760262,36.203040978720246,36.879694357139904,21.006615910451202,77.53170058408784,7.059194420286167,153.64990512888096,jute
83.62527796689064,60.2441256365616,45.8141525250294,25.267026760782425,83.43373782318594,6.289095159268963,146.67853623861004,jute
78.22958487263514,47.993052817342054,44.37761713699696,23.86247571719737,80.77358193744658,6.747733466965893,172.6349060996236,jute
77.420200990928,41.726477486802196,41.11882963353985,25.390099960390156,78.23995293617585,6.89973227980707,193.50096859178132,jute
83.41901036780371,40.78778339969638,40.398583067447966,23.177136874273096,80.38621898519933,6.427738990894026,197.98894007238613,jute
84.26665175215874,51.764946526711945,44.20688836078199,24.45880057685267,78.2975610258903,7.222517148610046,172.02784629689654,jute
67.163354860224,51.037333668329126,40.575102673054886,28.011888247957963,80.9718787119234,6.693999553795987,202.4701745579444,jute
65.6922692397041,43.07318847698497,36.45054811257917,20.609840442853432,83.49270571206641,6.532774475805119,191.29662474963834,jute
81.11269192987683,49.03571233313842,38.17840207663741,23.471503712029904,80.35904350087888,6.9757504549924505,174.09312390129264,jute
72.38450941894166,40.00490954300821,40.81665206129531,23.891864930142926,79.71303765044104,6.628366365325403,167.00024245567818,jute
80.3504284860761,48.77252042072053,47.861115778603136,26.515935429369023,86.37472931789657,6.454419888579479,146.18299412691357,jute
77.88455795423873,50.290136220745495,42.80464687263772,27.42276314465315,69.85381856405917,7.075893068465263,181.03832727573354,jute
65.6478932389999,49.61764423364403,40.677930307331856,25.7624585971561,83.99643660126145,6.829082610529215,148.48914822754566,jute
76.85578984173672,37.91177414574554,42.59624752223557,27.795940483168078,75.0341921497907,6.498560871840277,159.11735221980098,jute
74.3687578244933,48.06211579099434,38.227723511595364,26.30506034539805,84.2615190803039,7.030527778398783,154.87274028334633,jute
89.08743155578179,53.330361424381195,46.210719724948675,24.684370360564607,76.9926301067589,6.404727642555975,155.16796204165325,jute
78.09352325331895,50.239259282452124,45.22623376394938,24.0288857672753,79.84524693167884,6.668743733979566,163.5649555024275,jute
83.88599623808496,47.81424123311613,40.567292700478426,25.71661087839185,82.46180499182994,6.881631105739117,159.90718078980657,jute
85.17062838994357,47.276830588402795,38.26153522007894,25.46845938289234,81.37790990690021,7.0245351001492375,156.16919868726674,jute
88.59987482923354,46.11583178154914,37.97538699700561,23.92648380028573,75.99452896662969,6.177725534872978,187.19319784646567,jute
93.84709120337571,37.91192325582092,36.198288336278566,26.503166378290665,79.81745236531431,6.950325772682545,173.16903058332093,jute
73.35498000586898,44.87078944663435,30.471642310976147,22.71303130870307,83.7931174968748,7.057569953253654,200.3109889916617,jute
81.52695477158426,34.719655628568646,37.459973883251436,27.649311353097264,86.49221695473422,7.108794322902173,170.74745563414362,jute
67.54739306740348,45.796842050207594,40.05922807292105,28.131129640182905,80.91116520048884,6.705004353664232,176.32291266658225,jute
81.1988706381015,49.13220043030784,37.101850263928014,22.88475921074886,85.4822340856188,6.207687611669295,204.47945426568592,jute
62.7145704219704,43.0772943358449,43.88741588233379,25.000683778156546,74.73409278495264,6.827928446237799,176.20607815240865,jute
76.27161369246417,42.88038854608546,39.8615760018776,23.83615677609529,89.73813067539663,6.627994854454968,168.272374831256,jute
73.66691083609768,54.88475421419096,33.44373248841774,25.718864843798837,79.04284011249437,6.272979968607396,160.2566260984639,jute
80.53563195124666,41.67803390171956,41.03825571288017,28.458306457372704,80.68240270886935,6.263946256442652,159.75766728675598,jute
75.71675409003791,44.238824405026705,40.608055380463675,25.624885884156132,86.92211182047544,6.698884100473632,154.26049995623362,jute
87.23044904198854,52.31512288390512,40.92977237602388,24.507211209582078,82.49018561019625,6.6366760558961415,137.9972392820053,jute
82.50779426377973,50.46125738487289,45.76434892151732,23.53848311409487,80.90466126344509,6.774339867355895,176.53688607466867,jute
78.91884830628972,46.18568007688483,40.846997606331264,26.481362067990705,84.88115009833726,6.473100273791909,171.8985756138127,jute
74.61913504089874,43.17163821399971,33.5358743387759,25.048444911705925,81.91728147818115,6.653470074430339,174.83875786485245,jute
81.34749542327305,53.05559847581816,38.320941881907856,22.65677577133222,79.63823941202554,7.265068379010984,154.103789948289,jute
83.20108556464227,51.78956614642557,30.53786312242296,25.82044504721697,82.41364254829239,6.6197994395860436,163.36410590038508,jute
73.27470117980816,44.3571575206219,38.791615873248894,24.018445914486467,78.62209898927021,7.0572375471539885,153.14028197952757,jute
64.00753261382728,52.03392553617158,39.231928962637674,24.223535415034927,79.55513150506933,6.762783010233738,165.5670779118694,jute
82.04744902117842,41.188687130955515,38.792695288603255,20.570607489430493,84.6889485394551,6.647173691032111,187.06187365126885,jute
81.81259667412999,48.74906890185661,39.96889788570262,25.77645478547835,76.15486234955222,6.348646433131081,173.1800931969054,jute
72.56178895683388,53.12732086624713,41.50057771722844,23.567037219758923,78.91383824597767,6.73990197459643,173.7759467893195,jute
80.17396826347412,46.34327272231154,34.43737300611968,20.698190864992178,78.50556382043203,6.868147811529507,168.47735737785558,jute
87.89251290724181,45.765566503505504,45.42878425700791,27.30380687852861,84.20514746069787,6.3389465097379,175.30853202351764,jute
87.78218789985851,47.36172362379019,42.21743961999587,22.22422538976876,87.67515972243227,6.462587679230375,139.10034744849645,jute
75.19099409739947,33.76258074239467,35.65949942083533,30.11702366620889,78.47983688998713,6.271663849606063,175.4553619581901,jute
70.8175700397442,50.32259599836965,36.441820882455836,25.54146742027032,75.41176385251016,7.479708443437167,184.06522696049166,jute
76.83595362014026,44.53520874684357,37.78560006700254,23.478173040384966,76.84641309527525,7.203498655138586,165.05294876101772,jute
60.964648746892635,40.17016139560053,43.71089847999655,24.495351886817325,79.46367359945451,7.0509443354257275,161.01100139489853,jute
83.05934177704724,42.66058425106204,42.303506547009334,24.217729498460685,79.03380330057723,6.946040097253383,188.464446538285,jute
76.67657611676333,43.64188165002607,46.39659033792662,26.17866162299594,78.43543276536846,6.504074691013074,193.4481551249585,jute
78.92320068842527,45.18223502436957,40.45990070225037,25.675593749273983,79.77324341027692,7.061106060052898,197.66809257181575,jute
82.25510495361439,52.873594952478136,40.03398707255289,26.38066201000923,84.01782527548777,7.0057114840049834,191.4879846592902,jute
83.04951355265348,55.78564057819043,37.84121685893803,24.68955842487958,79.14195809339947,6.589579856570857,139.20210321853114,jute
113.37378325137422,24.89583816381489,30.67925963498439,23.156277644650228,61.10357865359869,6.485841585623921,139.82460921425508,coffee
102.74909118033536,26.197061678069485,27.70336361565451,26.343579230399243,61.999947268172086,6.472639804851315,142.140920416136,coffee
101.21135300014048,31.15701032103233,35.8510207674425,23.857340803412598,56.4101644936481,7.270314410030101,189.5695125782195,coffee
92.06218100622121,26.0447523207734,31.524400378439438,24.844513715613825,54.20384122745024,6.897788242547563,182.79071925983644,coffee
89.21465934410553,34.99333643111805,27.700923125668446,26.691583842516398,65.95425360550931,6.930129436920844,153.240143228813,coffee
107.46358060425266,28.307335190670237,32.085404198378455,25.59063800324436,62.30576448494519,6.242307322979913,141.7836540145012,coffee
88.31964417618849,28.774282283214642,23.881847124760917,24.61633684986636,52.46245697715596,7.39187049181553,142.14911436518656,coffee
89.42108867368992,29.99335413506308,36.74728461824664,25.76786584150863,57.80640346761468,7.31630298443139,172.05166941146314,coffee
104.82873486150703,26.670637086399225,31.82383162514645,23.278431809294627,54.88162225303701,7.372585060382099,178.83188295585794,coffee
104.93736229401839,21.282585114493365,25.167113888067398,24.64105514277186,57.141504843306414,6.2998355397976145,154.0589804226843,coffee
116.9056571433982,30.60334350743469,30.875306515844144,23.964889161963022,49.805076066437465,6.308721429782785,131.12977363134382,coffee
101.67531736017358,30.53554321762944,26.138840188722614,26.295838679818296,65.34496908116142,7.583078936938895,170.3265656119875,coffee
99.4264354643749,31.952416975505024,35.407239934711846,21.985543724418882,65.41034518898208,6.582165271762775,149.44059272100014,coffee
97.80564824672673,30.28033655510302,25.554982985204933,25.430371930618097,60.62638603248946,6.887428499709597,164.09303222978352,coffee
98.08428158856894,31.774839809850633,34.225664488011425,27.99287862432542,60.13805116421568,7.175557043489471,171.93696934583568,coffee
125.08857116015731,33.87226828019483,29.645023453458876,24.17664142530626,56.694298726204444,6.667286057760008,166.18276108361388,coffee
94.69769379329631,33.76870868608162,24.441747976418817,22.734949727367166,57.324419960373255,6.462976380321795,137.86825833625124,coffee
95.26637040495642,25.954056683684307,30.040537324936878,24.759058423371478,55.30432820874964,6.798053712711483,174.2278651317668,coffee
114.23670918939911,29.59107024993626,30.902172475082082,25.633625965408317,60.40624310029539,6.956087744233655,179.2135629294146,coffee
84.00165833760114,28.06200902515117,31.356759476510575,25.94743208491578,53.30413483951944,6.280253328303809,170.9011588164618,coffee
94.18766734643226,21.980398033977593,33.42629144003959,26.91796580089213,57.42062951270882,6.434179362895589,156.1849369060721,coffee
111.94028840467284,22.5412028558848,23.744089533041624,24.74446935417518,57.86678156603397,6.601483240846488,168.2850652026723,coffee
110.79950550003512,30.11507509842987,32.24172937502442,26.544199104047344,58.04754045457659,6.282576520074122,141.55213267835796,coffee
88.84173370725266,28.405980820155666,30.92911212501749,23.101475230437245,58.362975235510035,6.449913468695916,140.89281050341026,coffee
95.37185525095362,24.518094006619815,32.42663647183714,25.663991163902146,62.07607028493794,6.622601459157492,151.50902300986104,coffee
117.8604437673211,22.507758113278644,35.1379249736788,29.309048075291653,61.829087481307496,6.66781181225159,180.83043314783586,coffee
98.10414776099,26.176857657157115,28.446926623233345,24.859612521762923,53.26688437540209,7.244003133643586,145.62482635805145,coffee
100.73317709970765,23.224912442404783,30.123242726996768,23.688147911554523,52.097570885373834,6.756284835961567,174.91155624289496,coffee
104.96372318965817,31.036481544531036,29.48033128008397,25.328719469698964,61.95570319247118,6.574729135071679,171.35094647116313,coffee
112.12352245040654,25.63445286809689,27.22221801746717,24.90860898717079,50.66518687123293,6.612238907346457,178.82319579551208,coffee
91.58982011898188,34.30078443461579,28.266222168187692,30.228071274205504,54.590934673422865,6.742407220071136,143.43707095692162,coffee
94.81069303772756,34.35271666743356,31.89814674055592,28.0576355583549,51.42205349504984,7.061931381263165,142.45690693247246,coffee
88.96413338270432,29.955064555414225,30.914153333645654,26.1066915725983,61.58779206313833,7.14942652705347,181.51566942709923,coffee
90.28691301524748,35.0080649818009,37.529245958782305,25.26753996709593,49.65754158463412,6.246600434772352,150.6103779050606,coffee
119.1272743127668,29.068320000812715,27.53126353299275,24.629195483285407,51.38638837497104,7.149830411872156,156.52690008449466,coffee
119.89846558786189,31.512837585705803,33.319745264229084,25.515790338514645,52.54484830913256,6.450567607868328,136.0920488977747,coffee
109.19355247836282,27.460339251016453,33.81000215836826,26.271828804615126,56.53590822114777,6.33215886601258,162.82612372740283,coffee
99.03230285197884,32.60873571182169,27.138357296497606,27.232215546994073,66.20424208111268,6.909022365863888,170.5646632438701,coffee
106.14701221559821,36.59236593807009,31.486241686775315,27.39991770347102,57.81861985742022,6.490244585726896,138.6691890291013,coffee
112.40231659073007,24.96656251462984,32.983457999133726,26.832033260767524,62.58892672447866,6.594115190966712,145.34832136826864,coffee
104.40534654289782,27.830633307169947,25.075886653574887,29.877051084680694,54.042959170187274,6.402546915205994,154.12582770912996,coffee
112.27572712242123,20.333059827505537,34.679534458301795,24.177052997087394,59.32262620054127,6.5295972153104795,189.8706696640321,coffee
102.12158077978117,26.167633798635055,28.79563471264924,26.179274149803376,58.888383038811,6.975504993408528,157.97752627708297,coffee
88.60553825052156,27.638929316393355,32.42663349936343,24.660234387242,61.363906398491885,6.812687253183124,154.51615749173615,coffee
111.74729503285633,22.047474222462874,27.298716406941402,28.46485741935755,67.15024581576768,7.7143969938686805,158.80568848541287,coffee
105.12107641653989,32.26971130894267,35.10030108863314,26.62618386934952,62.630744617230334,6.983909520177809,166.355583070534,coffee
92.73467686789928,27.683145122495105,27.908923207688723,23.622209092842958,49.74197387894542,6.63054900056314,153.77788277701984,coffee
101.94533368425058,31.22295136336056,30.75248897442329,25.48617764493885,53.424368421115624,7.150827639000487,156.37084452336958,coffee
97.09589184493781,28.254182870346924,27.069022610581168,24.938652153177788,55.18770843354906,6.6850650327998125,168.49207930908943,coffee
104.66400861686547,35.186949629123134,34.846916368448035,29.91284354646915,60.795792398354145,7.017242088949412,150.20134755780583,coffee
108.43413407745949,26.37553227982764,24.118177902473686,29.052646784495508,51.754092026836645,6.975540715838239,143.9146980346662,coffee
111.1400086051265,34.051799943082784,32.11671122969275,28.492729418952397,58.036685379155614,7.69366987233042,169.93864373588653,coffee
92.89503596338676,29.278426834976557,29.389991895139726,25.49915188312468,49.71430386050396,6.9547458177773835,135.82795233695117,coffee
78.27133447529854,27.623945435506783,26.97642538643105,24.276925974728893,42.484520248172394,6.4596628496187805,155.22173015723675,coffee
95.29261453913516,30.549374705013324,35.57064259390225,27.03273488051035,63.131971470509924,7.243650675859379,141.6982277269326,coffee
104.95203223417576,32.98062941346186,28.25615808780608,24.41874669993942,60.65203229608221,6.207348451284928,140.5919266709393,coffee
94.9991928717491,30.802056852522835,30.87565008622266,28.064741759104265,53.39064972818291,6.409810811492997,166.38259149999462,coffee
93.81199786303668,26.585984338022318,22.572940642993004,26.581692002827175,65.70645235908084,6.388284433479848,174.3472577875218,coffee
100.46541277109044,21.938341446359875,26.42109257748749,24.087065334392456,56.41736107429687,6.967805715378682,187.5827653958629,coffee
88.11968784573362,27.06089041232005,26.416076588357154,23.464041077021406,58.47723843304783,6.800591996474739,128.9791624466741,coffee
101.16335475150919,24.178416028355443,30.047310876539903,28.53899298641218,60.31533980537969,6.8710068377628355,149.53974788154582,coffee
101.60180885760298,31.25301688898993,31.85666537123364,25.80156247237291,59.08688161969458,6.273375271983168,146.2506116035562,coffee
107.36803777291388,32.36813180549683,30.37439436335745,28.957931468730305,60.540097082306836,6.706748992854774,138.48395595135108,coffee
113.94859925026023,32.08126982861831,37.19324569172207,30.333694911007832,51.5652984660862,6.286266502349125,112.18880139889492,coffee
109.26525923326781,31.625930749950395,30.391116000503388,23.5477335379132,57.55483155437614,6.873882198003082,170.52361067006672,coffee
103.45688223018757,31.655205179964668,29.503476520343806,28.362963787850504,61.15865038721721,6.32522677171967,180.22752588249986,coffee
112.03014370443623,30.861898948211767,31.12287081994986,29.31722313775665,49.83343566863963,7.296489809623861,150.38069282281037,coffee
110.85659701769347,29.48150338867617,25.02829590636705,25.006960379928618,63.10864536582983,6.715916847472051,148.05623336451032,coffee
95.34645147984482,31.56898968893516,37.00254012055986,21.718233258727437,72.00342223671643,6.8814984915904525,167.28358616478124,coffee
97.07364427567335,28.98593950057269,30.77005204852443,23.90180801532593,53.97159280871235,7.273827016356501,133.16245047425247,coffee
104.96935192982187,27.51793236252326,26.1571714020977,29.943863703938803,53.22748719369281,6.347959200106211,155.0084367436714,coffee
94.08297229308108,29.025522627978194,30.621597186605563,26.469316131269853,57.38054576378218,6.51913531876311,168.2944486828693,coffee
99.9947651014627,27.017530751780086,35.919974796390086,25.7573760792171,63.45993300748295,7.290735378843756,178.6027653668127,coffee
107.2204202729999,28.99746601249694,29.743833237395897,25.51175976303342,47.16552164993437,7.087522722299145,161.91144906216127,coffee
108.42971839587764,28.531993794112143,32.6593006478141,23.244985874277113,52.15367195369215,5.8095153601114475,155.85041286669397,coffee
94.0472697099926,25.38647249931832,31.338609511861232,25.148985611604743,50.834544965981685,7.817906709100839,157.4078300721908,coffee
91.25153252357873,26.3206581562678,29.307428123963184,25.6495080754856,64.51082136522938,6.768228016947117,187.68333074989204,coffee
97.10819350389104,30.70574416103957,34.087920777311325,28.390304609423357,64.55936108714407,6.691195303647946,157.9121718356013,coffee
78.68519690092691,28.21595984559776,34.365016711719925,27.793672959711767,57.56756439494959,7.479655777171983,151.85591545048308,coffee
94.5547415838209,27.127353059094524,25.51013990065554,27.244790063407073,59.44240905804305,7.043991778549221,151.3700615691006,coffee
100.47734318594672,20.28632510636437,31.50490220524419,26.197682910119298,52.49736169253268,6.7581369871653605,153.87441116687734,coffee
116.87880741506743,24.755492127488782,31.32570471546681,23.81846329464328,55.21063277964865,6.910727581476892,154.6181921461902,coffee
100.946082294078,30.33088843292788,28.02524171520577,27.76829306963088,56.472601283811976,6.760977815378971,163.78098039340568,coffee
103.04300181048352,31.57691169817141,31.267857605938822,26.93806132311235,56.37313742917429,6.372491560765791,135.15777755595423,coffee
85.9636086712193,36.0509068709171,21.148906356423495,28.387446997954203,53.89565494351263,7.274576388847922,122.7593595533528,coffee
98.88415488305046,34.816097612101075,32.85283825390233,25.325469078618415,48.285113492357596,6.2710045911396275,180.22635354495006,coffee
97.86582918871648,28.712703586346244,31.134140418810524,23.39432217382489,60.036450899200894,6.632153807732397,162.69924456920864,coffee
95.79754171516669,22.707535759755373,28.290509872751933,27.281555234216004,59.97030044538518,6.81237234693389,172.37010964816548,coffee
99.16765388710196,29.22510525606087,28.080932481225098,27.91323595350691,59.457642738608826,6.577216755930651,134.17552405555512,coffee
110.94465147408494,26.02373979526144,30.288257409958188,30.705199366289143,62.00754770866654,7.444459835530797,149.39000299934162,coffee
110.63878757138187,29.106675971807565,31.464067683074326,30.04168342607912,56.60677087925147,6.807701781470614,143.5485655758726,coffee
108.99621700317269,26.75749240685346,34.09084166327551,22.700173516510297,60.74319035916803,6.542522677574778,169.68828222928337,coffee
100.87796744431195,26.858644340526833,28.45376153249602,24.29922339988272,62.188938776604296,6.380545060229834,153.72674178027523,coffee
104.10715621732227,35.45397810179408,29.962805596432744,25.51497882692312,59.36817432558014,5.970614313730228,138.8216687889485,coffee
97.62170151009394,26.14812339706939,23.59666684302635,27.71555730233517,59.298783647786614,6.856106098913003,146.89614158153003,coffee
101.71453668197299,31.057797837764237,28.940415784386875,26.88914447848073,54.01969759087442,6.838994125195885,176.2799725268176,coffee
112.08817733218436,34.31035521979865,31.142273661731668,26.06322790971549,55.75605541920293,6.077006097393033,136.48160485759212,coffee
99.48750525231267,28.56684620348628,35.64889211522597,28.62959825875125,54.56756929256708,7.127330286035607,150.36689816681744,coffee
107.14354708703421,32.22407091242698,34.96837124859095,25.014713290434607,63.07151843590462,6.0508743855514915,178.73945090462178,coffee
100.77484949463336,28.98508800805721,21.85025397723819,25.222668225505238,64.77739699806776,6.629319243318874,169.41540417560333,coffee
65.27644102171287,35.31334569799849,25.766003860816497,27.204565406705694,50.33870407909366,7.840486761480485,53.981160624289615,bajra
64.06842954165069,41.27871909566654,29.636862810244885,32.45020174619538,51.90405479146625,7.492109533900443,56.10185658546273,bajra
47.5374772355829,31.974681064147244,24.356776562657366,28.500671180590274,48.827376319734576,6.57766052527112,35.56311919970257,bajra
74.97201933958797,32.31078909854463,15.347951491150884,28.27084637579478,55.28331040037918,7.0879942505117475,59.96003963038689,bajra
73.39801439421308,23.216443953446433,24.426703604604672,28.655731725573887,41.664570233887396,6.618290270057892,43.55182763006618,bajra
59.872596723898894,31.416148886216813,29.17685389285768,31.54093486743711,54.50223344168494,7.093352871411853,54.82400157290312,bajra
63.81300014727791,27.792638083736087,32.5884037955825,23.008572130357507,38.76017421615583,7.353079901653442,47.8801412117404,bajra
53.504125198664624,24.72694524418116,21.302376812552872,32.67700961139274,57.27446258638663,7.855825026092248,37.287910222325294,bajra
54.06301173990774,22.821867627497387,30.155428023080038,31.25167336325859,50.48119529881833,7.291851477538979,49.54577378289005,bajra
56.03086362074796,32.56586394892452,24.255445977385254,26.39903545956212,53.445712672148346,7.029684945490965,51.81986789473102,bajra
64.0001667096158,34.456893861124044,25.880651896915765,27.348899475429583,51.93201934123119,7.341875489789225,54.09066379231098,bajra
73.28699403785531,26.920086074114135,27.67174266872213,24.825548286477584,49.28009110827016,7.090136046076943,61.58276176144224,bajra
63.749316568188114,33.03994389085805,17.952885508509773,28.944726105934254,44.92184079539852,8.19020444931821,44.66562594302914,bajra
65.58623258129161,30.63287901137585,18.642086836253387,28.42189376837066,52.428599075895534,7.234288910096514,31.596712223936507,bajra
60.46406844396319,35.10410830723446,27.35289170925174,33.65410005547561,44.08611597546025,7.7123718141116235,49.644751613686545,bajra
77.73778000751152,30.016522170418867,16.810098029142747,32.547763713921434,47.33891793215214,7.049508155452607,38.37522855144184,bajra
77.97759599204835,27.394494130985763,31.30014309965008,28.70627051522144,44.43352878710433,7.727811669611926,49.41332200799817,bajra
64.49142394115876,23.5918702985844,23.169506581214975,31.286087470892998,42.20492003744688,6.984364922331274,46.63642850074034,bajra
65.53152643771199,37.39779822819132,23.800187468068064,27.928498012762315,66.47822379214803,7.026725858590629,48.47473471064643,bajra
62.13722904647174,28.616154494451862,25.311019452063846,32.76238943277983,52.42392633964043,7.630838225346569,58.352229396859464,bajra
66.66841684492701,31.881559850318876,29.43494670507449,26.66637021599255,64.9892672134298,6.994965947788957,47.19228062744819,bajra
55.304792202609875,24.08924596022801,28.896136275558945,36.810579832926756,46.59655933514991,7.338926611251008,51.761332765697304,bajra
73.00195649933407,41.09357232258699,31.083893671926344,29.28402215705776,53.17260581425781,7.451223137096891,49.839274950659046,bajra
56.23251093202615,26.00611890718489,29.59261060371686,33.75392398746615,48.75459581096488,7.304422157624035,59.57811057063715,bajra
51.36584902373362,27.768237845805718,33.071485525930576,30.89792314860995,43.224703491779394,7.246912917429486,58.17148473814621,bajra
44.627736501371345,30.881429085955464,23.51034178163005,25.074005620689157,50.49156353078185,7.145407907295821,49.80727798241889,bajra
62.2139150380419,24.8933122402293,19.18078866560701,27.927930179176126,55.15551268445638,7.293228117490698,49.44661336442728,bajra
56.68185480742808,28.130425335728944,27.94863023342885,31.51435128745647,47.13680678136371,6.155439139412879,44.60121895870735,bajra
61.1384438591149,25.464470311486192,23.34729686744118,32.44965038458565,49.77622128226091,7.595878419161977,37.93302331483677,bajra
62.55948753636045,20.304889445774997,23.293689880652607,26.86302763410698,57.687517000570296,7.363884802337402,58.11863596474411,bajra
61.56521739781656,24.901409514416784,20.793748021846245,30.796317842312572,60.860968965160545,7.364952916808195,47.00185816569934,bajra
63.48983315898733,29.843498341241013,33.106570240712635,33.70082569750465,51.55975402490219,7.2438927871224426,52.39482712295901,bajra
68.95420535426462,27.93401023512202,21.623684210493455,33.096660781664596,50.1318963834319,7.579491174325987,63.169269990211546,bajra
69.16491787279648,31.79274239785035,37.80097192206826,30.621060384839453,43.45671915292191,7.0875099071312055,62.41347769396433,bajra
54.64666119775963,26.237701979235098,29.42570722387407,29.185138072460898,49.33852527814103,7.629349128052252,44.26543059476831,bajra
53.25118038782351,23.05557014568732,27.32712177363849,30.777396281492383,45.84460092032402,6.736483351677147,47.835414998809064,bajra
73.93213829000378,25.82091023085372,22.349263912189752,26.428435297960863,47.79552266538697,7.335231596286632,66.92135325634473,bajra
66.74225210255949,29.731609473814903,28.451746423940527,32.088646655490734,46.5340351137999,8.12082402937203,49.80493318164838,bajra
66.89100256284637,32.75674293643066,26.383489470451813,34.57619300662377,46.46054756522018,7.513352899541082,51.31654756307983,bajra
72.86178556087619,28.92507275015861,23.598338575387515,32.196220462278035,52.14795954253988,6.871882279069893,60.76489829131407,bajra
70.86007500086768,29.62897904751973,23.127075553075535,31.092392690620756,53.9629113441607,6.562369970411668,53.00544738018266,bajra
70.22043761930827,18.237757000161142,25.78475863498116,32.08382740318674,53.48526988558727,7.52097934191233,47.37946726385401,bajra
56.68074852259635,21.00127834117302,29.36889296227223,32.10919648138303,57.010933584970815,6.909943456462343,56.43069138100291,bajra
52.97855238434561,25.652532206450942,25.503908866031345,31.98962288947926,60.074074687382144,7.1039743738406385,43.07400222568749,bajra
57.66280897734857,26.560770274878536,33.884107185900476,32.27062074340338,56.67519110217476,7.104405765128043,49.98681054081003,bajra
70.5941160476682,27.4710062210953,23.834768453813297,27.97588705120848,47.31504380145731,7.219591445001329,43.42631899068832,bajra
67.28783183303509,31.422908727755583,24.28300542857527,27.517620433309737,50.62977829371117,6.998038174819284,50.37275333684828,bajra
73.78501973922748,23.735299414479837,33.693945347573504,29.78242922463678,52.47103564343552,6.898899963903267,59.137692396333186,bajra
63.99498824439464,28.02940845100413,22.697939914897706,29.194523922632413,52.510083937717454,7.269124276252231,49.68112213511782,bajra
59.30862865640144,26.15413263037512,23.156502869681077,31.380827136482143,53.97355925462242,7.518817678759207,49.988264851689536,bajra
68.06849552734259,29.157746475585444,18.030808036286526,29.352219631381807,47.74804024785349,6.784381918228379,45.460846593977564,bajra
66.08073131432782,24.333766071574622,22.156858114336764,34.64370604665815,40.38376204471816,7.126727136157158,40.66952507388732,bajra
58.98690561739112,29.011313851909428,21.049695509484923,31.721791846099283,58.10690371863448,7.536671254441093,58.196904941766945,bajra
53.96211456776949,28.78464489090433,26.869684269413728,32.61357274234361,60.52011795565895,7.627615836651579,57.17190898939107,bajra
86.06876464431488,30.481545408036478,23.843766247033724,30.532073710981347,44.50968346587919,7.227053514307123,36.18518244978014,bajra
60.76384770745756,29.42333058967204,28.798541163412175,33.333271633159086,44.21829761149351,8.030413373585437,51.18698782751602,bajra
66.92035972824615,21.911532575058366,22.51977043951977,33.14947143459744,51.01867077627859,7.24312589050115,51.81737736460385,bajra
53.45436555931161,29.516957232992556,30.633321421190487,33.26012286619648,49.248803347306406,7.8254674697446225,39.92721194585285,bajra
57.22641868114992,39.318111885786536,27.311892473234092,29.133337973693056,49.66808860378852,6.877347554749127,52.212740814459565,bajra
66.57910757049177,30.099423549313453,20.360975139155617,30.794268333206734,46.822931405467806,6.805609095804325,60.133939932298894,bajra
82.35777086268207,39.713100644098176,27.600491055049137,29.20324476276243,49.577866504372274,7.36224090538491,46.63801798031049,bajra
75.55048048097916,19.821362528357305,23.81709778405027,32.40321447620196,44.92904211632107,7.103940443528867,54.74914732994562,bajra
77.14615285630236,23.530308589168776,19.527702048980558,27.161909436480478,40.77478489695104,6.613448617835412,42.2187104184424,bajra
74.86794838596794,28.43961590965621,25.125500424626427,27.133607229737464,53.80122245038749,7.950305611133109,42.89896092768463,bajra
78.79798696859787,31.822121915839226,25.067453997154843,31.200371496975723,52.34315899380209,7.942841767625298,54.1617658545738,bajra
69.32885736912777,27.89250090018728,28.356308545857615,27.129459079131042,50.65402393747756,8.35331342231233,29.96648064282967,bajra
66.86517597068361,31.358114604394487,24.08764383005119,29.386442216797708,50.5484586389689,7.0991986898141874,51.77583783056804,bajra
61.099114353464806,40.111964093735395,23.991945026810594,31.70883422287415,45.9857834009407,7.573257212160459,55.867742298810676,bajra
68.35408189225735,24.8633232189074,21.990387837745917,35.05851895723854,45.419157753735924,7.456360868085002,42.44262935854958,bajra
73.06706588481416,26.568013212513076,21.14724844984,27.862972569909296,46.67718442003386,7.361869341969689,50.555069649102265,bajra
56.23875136069735,29.860264931005897,20.425994370835614,31.930672095002937,54.96141739323444,7.1904210645802555,52.17322722394209,bajra
79.01699288531528,29.211985038039405,21.22296819979644,31.73758570781337,43.20407740540793,7.115772414690823,45.20807963133186,bajra
59.38544133432904,28.749562021777447,28.59956530485633,33.317006364972556,55.55723517854402,7.334541635651366,47.938267508898754,bajra
46.137400036800344,31.838304966386374,15.882673100964452,24.22989817058096,49.029994065278316,7.305830897852199,46.39132076936592,bajra
77.28424918875174,32.31050828759253,24.00236837281897,34.158929835545386,59.390680085384545,7.405023477389868,43.79793872194003,bajra
60.59783655182614,22.766306435033314,24.830332480797946,26.849875675666404,48.02555138482089,7.3042401212220645,34.13033086396849,bajra
54.890069851830106,27.46575972582337,24.78989052510731,28.518327600785675,48.37689241168174,6.917525121549777,38.40480126553099,bajra
60.72199378086641,28.934157375348477,23.758439585575008,30.33538775638936,52.51336742285118,7.472690490758668,44.93159331590888,bajra
52.393625568641724,36.357981828643034,26.541783662444352,27.136012946478186,51.66623033895453,7.627197893307249,63.83341220191513,bajra
67.00488220926185,35.2983531867493,20.161591710741103,29.89229174520997,47.989924104462084,7.337027940681684,62.88955148348977,bajra
66.99911515423406,25.311546303665615,19.946245680464475,34.937340188261814,53.0827604743114,7.379232538790023,47.250148891534636,bajra
67.14289427734275,25.065200469365948,26.548793422814608,26.475389590277917,47.844269329833445,6.942842740536238,23.9410588586674,bajra
62.22585098773275,25.505667877685358,24.158440464436865,30.005168401445562,60.60759165788951,7.321883598863003,52.6729010638683,bajra
68.96491068175396,34.35904256120563,26.817117815418072,30.845139073272357,54.26748151137886,6.2293462316675585,66.7124126662306,bajra
77.71783875770718,31.08567875929645,19.347974198364934,33.631051297478834,45.836741005611735,7.413536406629975,39.73675518571627,bajra
82.81125519178498,22.7889161894569,25.275944281266003,23.633438356465522,49.752665286822065,7.02988591794469,59.09746715124773,bajra
61.596964547265074,35.69311791423165,20.903517729645316,29.154115190865767,48.42852741247697,7.398235302253167,52.94699541125645,bajra
70.77780123938689,31.334153016448695,27.645259306452463,27.306408213920584,52.33279200128741,7.843282370978272,36.56005786089922,bajra
68.91206363975142,33.383898889690585,30.84474550988673,32.178140799870626,50.60189565295225,7.372029278204016,44.11969732350928,bajra
61.89625542113804,23.321485801490027,30.94811805737689,31.350471956852537,44.50332523805232,7.3085427850650335,59.27478167995466,bajra
72.94233860363508,25.361806934167994,12.464644736481809,31.18615825468914,44.6787822089706,7.4489310023922,57.60216310668993,bajra
73.90906488930706,38.723702429892654,29.945427672309215,35.248646486352065,58.274362059411985,7.786487029608867,49.673054885617816,bajra
54.685388550140985,42.41135127241206,25.25181174086408,33.6861241919227,46.69835101385467,7.585568977018256,30.440293399680275,bajra
61.71645287199237,29.507944583038558,26.850435073220744,33.21607402980332,43.43514247021811,7.463987275568082,59.81333581309393,bajra
83.76729266203407,33.53313991918767,23.161976074075113,26.184706028675215,60.97521378719138,7.494936774237177,49.82419494735809,bajra
52.041453646225456,25.344080245509737,27.525281155095747,31.0614990723777,38.32201064620128,7.453045022600731,37.45250841424032,bajra
75.83207254881808,31.042779574524786,23.1463142050028,32.970463017332015,52.12099573067471,7.729971043402007,50.64380490711654,bajra
66.11055493124572,28.573747837010455,26.051868571068653,35.09385263936776,46.983414979633736,7.459182059732255,42.95645133593639,bajra
48.466143058572406,31.037293701850547,26.481621693877692,29.669846191672548,41.02409017536658,7.321720429856649,52.13050907311557,bajra
57.88975495125941,23.232542142634898,23.99044828917613,31.958787740333307,52.49992839075195,6.847665200866369,51.09540068017606,bajra
77.09701124380453,29.136671453665926,30.252621472172777,31.679281960341747,44.35040706823661,7.462210516419804,76.19187452322385,jowar
68.2223557986329,33.284956904918594,34.132377676078235,28.627739249940962,37.881239795829444,6.960482162124168,64.70403968194563,jowar
75.92067082865974,30.596854176240385,28.920795522109565,30.953814528304598,51.640008271519974,6.388504802415635,72.37638009620376,jowar
68.28711182098203,40.4560938859069,24.418173216533802,28.75802650482183,55.05841614206341,6.965142055399605,48.169937976790074,jowar
50.90557354525188,42.6163256475168,30.9921528076053,31.333602105582276,57.572014596162695,7.238738730447832,56.78662644852932,jowar
73.91813540511303,42.16268473185362,30.33204371309503,32.80340208879838,43.00346868119887,6.357236555495021,69.88075214519394,jowar
63.450056507832976,45.21668460214389,35.34936548493177,32.175143013516085,57.306617833307506,6.631366550531882,43.40658399864808,jowar
81.96235735351217,27.502158969939714,36.339542750910084,30.339229520458712,51.542484077079386,7.176819073734125,64.652909354491,jowar
68.38071689130336,42.12843617459657,35.565603442398135,29.311318603641883,48.40003367979817,7.522381617761717,39.774396198611804,jowar
73.55114085609058,38.69787554104461,26.68659266088795,30.947570974875294,51.84168483210024,6.781719951220353,69.63223339663672,jowar
61.31452457041801,39.345966682819395,22.07061514472298,29.571408893462394,52.263063737280966,6.784121693253696,63.89624867889011,jowar
69.3634389650577,40.273478136527736,32.24060395521374,29.905388465748704,53.75116722136123,6.811133417381183,56.98196450024303,jowar
71.98572672176711,34.13320256446432,34.44581132173198,29.186900379087504,54.255799646950784,6.438926426441776,69.43230272060377,jowar
65.35061125060525,29.78673208851643,36.58474403645029,30.395243044865182,57.86257431335065,7.181798473162927,59.06849204096289,jowar
67.76316793554989,38.89555092728335,34.53007616895317,28.86363250414831,64.43525718820482,6.921072580115676,46.059915551100275,jowar
56.22781807204819,26.561123160603366,28.34475282971002,28.535963957774435,56.09559782607935,6.988556785898491,68.43371034634185,jowar
70.35914266098261,35.06760713063433,27.689940503966213,31.845176920795627,42.811094220532034,7.120524116285552,58.183495382507665,jowar
76.254036780036,34.89585299422075,30.034574822463593,28.466720755380578,60.359538424791985,7.000962354024116,79.69651211613473,jowar
72.17797665302028,35.108799203986635,29.418692160582246,30.128493799370357,48.46963976255677,7.058296959615615,60.08137014107818,jowar
72.60198159412151,36.750151631308775,31.607979520735654,29.189809492346583,61.413660954096244,7.169027526472994,86.05986288359328,jowar
70.39881126852698,39.794566462275874,27.095803166501277,31.80157851062261,47.77429637935318,7.182351207182438,57.35572798435874,jowar
73.61606237693506,33.82601881564255,26.842988424315138,28.456815420404432,61.249480744849876,7.186910507402059,47.111499701208686,jowar
78.76306160992048,30.542429098363606,32.973437152232606,30.10633029519181,55.69786279750813,7.741275666467272,51.71359075097985,jowar
74.88635820709463,41.297943062161934,27.426633193500514,27.50849283897001,50.27687476736539,7.129893214328827,45.89523726039048,jowar
74.41121592686652,27.958066291271365,35.173323303229786,30.027533656180246,63.47883923281363,7.267513504243719,56.95239548879008,jowar
63.61058291825869,36.194455290389314,29.8789976460885,31.372278069754554,46.42828710187091,7.808360800184392,72.74776941714994,jowar
68.37181095794284,43.9891044881881,26.86748761977091,29.411179579830456,44.341173690582075,7.738627702520564,43.52613186919022,jowar
58.476466429902736,31.826434464693982,35.289294698704644,30.90968977215777,52.73230376937464,7.407570484466918,58.84586275288851,jowar
73.37943023414397,43.25863037828058,29.013524507183146,27.467254758456587,54.82223028596194,7.29610972299662,61.10447737145279,jowar
78.02705050964826,33.99370431883244,30.510184038333968,29.74914976512722,53.72416622822467,7.64530865171554,63.69556250000332,jowar
67.56878292062919,37.63990850745506,34.035403361080505,30.54847088303759,56.31284542697787,6.4007799425943865,35.074873831596726,jowar
80.20211630896499,37.19428723103066,29.91369033353892,30.38862605556031,63.56385961399548,7.5654124663385645,69.62220572801958,jowar
62.90619493733885,31.21604598515062,20.454381274529172,30.26702694776984,58.65176318476699,7.476071218476605,66.75430471276776,jowar
68.76746513418149,32.178612690449285,26.69854081563694,28.6731503016696,46.133042476621306,7.702381626003435,46.976284469343994,jowar
68.42357378488622,25.31890793284563,31.18621944519226,28.99523258048574,49.859257878162765,6.626886693587979,60.024618355876164,jowar
65.6443128798861,34.31566055316665,37.82972000767197,29.34435443178514,55.1972032478442,6.814214089727802,52.15564490325238,jowar
69.81633829241082,47.51963002426112,28.85028922042416,29.722875606729644,47.02960890945676,5.8978911846393,52.10168668068344,jowar
89.0456762188301,37.97695147362383,36.563696804213805,28.30455553013605,37.85901337746003,6.556516398615022,63.97024761044169,jowar
71.9009108874916,34.947881017108855,27.879003950254724,30.879431373606486,48.99191995599423,7.12312674806508,61.95328165032603,jowar
67.0519804531023,30.593519744802183,28.290679653108157,32.74724356539549,58.67468717959707,7.408155492512791,52.13536293225185,jowar
58.49848581626488,40.482471078793104,33.619069041799776,29.274497953365106,49.776760674499236,6.414422138305987,68.67400444378502,jowar
79.48908091972727,31.604537857544027,26.949601597041507,31.482123850017608,48.148813222639106,7.711624083142553,58.9094824213429,jowar
66.9075063450668,35.225540006066986,28.45347306254392,31.252424772695363,57.31486083745232,7.435242517100333,61.84519740694063,jowar
66.3491640135331,34.954679962861334,28.297212833718902,31.93319302636592,58.013642342791606,6.963390773257116,50.735250432287295,jowar
82.32671750563054,35.68342067772151,29.479330159213063,32.09930543943791,48.94030711973159,6.872429239468186,57.692410516242354,jowar
59.46744662686527,36.57867682712974,26.950621021286196,27.858556535377755,47.77338712359001,6.765171918678423,51.61085535984186,jowar
71.97771342095977,34.222034537571425,30.192032552832462,33.707576152924624,51.06663291340482,7.241979048894547,67.18749599335979,jowar
69.49714700508581,36.36899565772519,30.082792761049703,29.405116791422955,48.480899263911176,6.80231547616807,60.169222532830766,jowar
54.224770849192055,42.48036394882662,38.643432071996514,29.340700519849428,55.99281506350603,7.432423068020198,46.75330260421731,jowar
77.42622356227538,32.867801027828875,39.162896919267375,28.623480860002612,57.44909333902996,6.928634827855947,81.96692756330447,jowar
65.90119826368876,40.825443936636944,32.50671152980779,29.808619923328322,53.37404440626864,6.733194992921255,34.13943689565923,jowar
78.59513686769291,32.55580444827858,34.678400574728116,29.70339553583133,59.20154068612072,7.320757008043789,35.35304819520799,jowar
74.91916492998398,33.28162257192758,34.6600447490727,30.1824149902736,55.617814227793644,6.8911028817167,50.87393807892209,jowar
66.53690432823579,26.00053869234526,27.638625061813418,26.071681800921134,43.373555177453134,7.046591538890484,65.34048939503961,jowar
69.74565215859828,32.50604751330799,26.210367351044297,28.36561401527058,47.06666175263352,6.974867703151475,44.784682259210946,jowar
75.61054062564583,32.164844389621535,31.505027601129353,30.774443991262384,53.967225291586004,7.319650715839233,39.33360737145929,jowar
66.05714669036891,40.51538333394542,32.036918153264885,32.696926531102925,62.2262828798021,7.119836853780255,57.480213811151934,jowar
62.33249029546408,32.62095717232376,28.367012366042534,27.81350161523657,46.48997351355372,7.160630635008818,76.96639678142235,jowar
77.46605414584207,33.38789970864838,34.05611539040284,29.693301733677764,51.75577389437895,6.958750909741038,58.00059862011736,jowar
75.20852898189816,35.69835041138211,27.08630880969204,27.446295781799297,53.83542388769001,7.17146048627331,56.86867355683216,jowar
60.943955018030046,41.254825585425664,34.1544184381084,25.025246998053003,60.03749753988118,6.916409681066795,61.89987080027143,jowar
79.10578448042102,43.26269393314527,34.01146114018212,29.48206099790112,43.74615588218201,6.1895072704061045,68.78158939024503,jowar
80.73624276595581,30.92677569580976,28.92088014104508,27.88546822322909,48.49659955906598,7.429984473556786,62.18373132753642,jowar
68.16657350883465,48.28760010255186,24.26231640396976,30.09582216299157,45.70613028896683,6.937025251202304,61.48638384462673,jowar
76.75676575708073,33.69409052419489,28.532207608812634,28.441829804372983,45.52028388219294,7.2529239208366745,62.81334370781909,jowar
73.4813493705204,34.652284987334596,29.22848816043963,31.3512006764617,58.13071882094209,7.565920234473755,63.72594351495871,jowar
80.82131275724335,32.91958680139793,29.196592855434677,31.390201507363923,57.06052922956143,6.883819837234041,49.5374176398029,jowar
68.36828634406022,31.575657793614827,36.8980139299547,30.520081287039503,47.40446453567941,6.582003615733995,52.216867262154445,jowar
65.52939809226933,34.16649803101403,34.45818596352355,27.06696621729399,65.7372234690793,6.622679905268538,45.90952268905401,jowar
83.50643860258776,41.60627799918478,29.27060480897486,29.762664630249052,54.439414714612084,7.054684971497424,47.03520461529527,jowar
50.14426253866998,30.776369088382914,37.26461764548379,32.71082700545331,50.42897821304615,6.616814310990532,62.781212197293804,jowar
73.5118495637362,38.003597596470286,19.89188526864961,35.31551236765033,58.794848008261795,6.920854518504133,52.81522369839147,jowar
77.89844555263684,37.47697307517271,30.368589952138045,29.916669267281623,51.323682374652314,7.16074490628692,67.26362850953504,jowar
72.74653499265622,36.454609491609595,35.571440532844726,25.805785761163087,47.21270632864942,7.010624274392409,52.70132417070759,jowar
66.83173969404847,41.43870891445022,29.4041161041691,25.34157794457205,49.459949623994326,7.023245269653549,60.39689532456327,jowar
74.44829953077132,37.37194287377737,29.444695605896058,26.613920483509133,49.35316449017463,6.750889377351281,57.14896197313744,jowar
75.5293482820631,37.02051374781876,33.29602285496674,28.231833592794413,61.0501646097084,7.269135405038688,61.12234681841957,jowar
74.82677267502376,31.621197926844843,21.564983136158315,27.786607261860443,56.484741743453014,7.032086415875585,58.63165527322126,jowar
63.217279433778174,25.220870870417322,35.699382483259164,28.584210516376785,49.422772108616854,6.731341493163251,72.5452247762663,jowar
77.05080649903508,30.16380267894523,34.658171860174136,28.709859162157464,48.33674687207664,6.88255504528098,52.16702749485103,jowar
59.43298317800968,38.88065482754295,29.11718056387413,30.234419067290542,53.72327998677728,7.219416444541296,39.54013194592913,jowar
63.065918005143864,37.84682377700924,24.900677223456128,29.746130167624464,43.65577251988855,7.006577593397878,76.09990393936056,jowar
76.196800922653,25.74629526279633,33.39348561726474,32.64447645345916,68.78209606097043,7.1900302949874755,46.355800761146455,jowar
73.47742382419544,42.980167991707326,29.251647280998785,31.086217845765116,46.962382006733876,7.148941301250741,35.10420484829872,jowar
62.39731694530626,34.96939676359072,28.54657307769426,26.398765011448507,49.00206281149026,7.131862019387198,59.13772412889781,jowar
70.48750055896696,38.659844015428696,28.627349197067012,31.71835576610383,46.06437360339152,7.771201021223808,71.13038630494262,jowar
67.15201775590222,33.5534064788446,30.826942366446943,30.197341859743954,58.56728965140074,6.463763500793966,64.37442622061246,jowar
53.06788598029828,34.11349757082258,35.815650015149835,26.164781935563003,42.404573283810024,7.088318039819191,73.87429164172602,jowar
72.60316360868258,25.476910515592245,23.267486347814902,29.19549286585884,44.9245454842254,7.054674517562263,61.95995113266939,jowar
66.08193991473831,44.07377146974407,32.36186881973717,31.423181757588353,57.523490549629734,6.939970575220053,58.05552748660652,jowar
67.61903970536983,38.40551126250122,27.398539290512545,32.45006588406913,47.52478417796564,7.085790028918812,57.70919187954051,jowar
66.39365348490779,45.861734262318066,28.243782634350147,28.390557638015146,48.01519840926466,7.016416246275569,58.98693632657306,jowar
61.04597495436556,32.87815067826172,32.43874617113585,31.053973698843908,52.14400367779288,7.023597916261283,56.390049282347235,jowar
65.98046638433694,30.40213485058849,23.773402183044194,27.595106651786928,57.42431720404308,6.830233222921129,56.53981316305958,jowar
67.07611840228282,41.223538329163674,26.28646971787465,29.554106676779988,51.589203198579014,7.027170730037907,62.443504071164504,jowar
70.45731952214456,38.9651094332546,29.882970688148284,32.48875278685139,52.266879633801075,6.318613246959892,66.38310358143731,jowar
73.13677444207825,35.16272515880962,28.961714737515422,24.770761867080427,40.318935626405946,7.659007688198993,54.14497396900613,jowar
77.72496342041767,26.98483363379769,25.81256681852694,30.35728189376343,51.3849937858082,7.215066868795752,59.86367434070192,jowar
68.33862428794713,31.59978085912555,25.223989376279995,31.805402579464996,61.403854636779286,6.584518818102326,48.959208979930516,jowar
67.21781486062326,36.70217507431576,29.272727168173322,29.99904013049544,51.70450631433181,6.954147543420307,84.13078736769869,jowar
22.899186993618773,59.83968135694728,30.787452270723456,29.008187013169298,50.369340817752374,6.512422996145185,69.85305242604453,groundnut
25.080362765761894,43.622199245672704,28.02503179620021,29.96997005422213,65.8501215103347,6.347128513446187,64.40574897953226,groundnut
26.40672566588314,60.53644593289245,25.277558538454134,28.9045941722242,58.82538277059001,6.298611917641695,81.58275938604498,groundnut
24.575732930644538,52.42113746917598,27.03002742910811,28.695033678277817,62.7892765969387,6.158797706895964,65.85970643653168,groundnut
24.829513573570974,49.888632078432515,22.910708693121485,28.48200059282935,64.5410871541702,6.9750047496613945,89.12261872647156,groundnut
19.74079334777126,43.022008557749444,23.841418426233414,28.160573082014754,58.80790998071505,6.27894426792698,71.95581759802627,groundnut
26.933255289730013,42.02226531924781,34.37342869034841,28.0419870867686,65.25423697114363,6.267998042014197,80.74349592524769,groundnut
25.400364291314304,55.14085036332976,24.20541232870499,31.103127134179356,52.539720762564784,6.8797495320792095,76.18719755533048,groundnut
20.926693206508226,61.71239522028266,32.394790906270316,23.85225851035309,60.883921936729124,6.782265021892295,79.41704808317814,groundnut
31.06211843311373,57.84579624508768,26.060749425268728,32.55420722482327,64.68423261353789,6.359434201928831,69.47652405171648,groundnut
29.97336601189443,45.24227464081735,23.36104688216609,27.520856217090305,61.778266966380755,6.422616654815367,61.83029103519861,groundnut
29.648318951963056,47.57360810728931,33.079741075197965,28.60798001451968,66.33603742201079,6.752344605672317,88.15056271456626,groundnut
27.28135598505773,51.41101300395084,29.372936367426068,32.9719442291841,58.65101530697562,6.817970795090005,74.94755077489852,groundnut
27.024236081972138,50.2529513454592,16.369028457158386,27.599626564523646,64.99777536404267,6.193917350692572,84.20946443071543,groundnut
25.73443665756138,48.851056814874745,28.62326154113347,29.362063087128522,62.10273535599018,6.906360081112165,77.03098319588581,groundnut
18.421335868043904,47.73127476120608,17.782390308880537,29.314729652417267,64.48099919646484,6.876680896853217,79.89094699229804,groundnut
28.871700517557194,40.540379970395236,24.56973231282285,25.17016802238357,58.208351935970555,7.146500694373103,85.93237182354693,groundnut
27.649141625897688,48.91027862839614,21.02562086221767,28.374055367568857,65.55337915911153,6.663948595703694,59.14309210815438,groundnut
25.41844358846334,38.520030847601916,28.21673533242403,26.61398450386657,53.884393000735336,6.827172265092881,80.59377837183986,groundnut
25.929595849656845,63.150247682906304,27.539999345023823,26.710086140145265,62.59601933742471,6.385569062641423,87.66758821897002,groundnut
26.123908827321713,52.27953972080269,19.230526359218825,28.122703239005904,59.7186707286737,6.090314617915779,72.78498513611154,groundnut
26.743009774336315,49.973902403935924,19.351601233663864,27.453566333606112,57.65987605480063,6.577405409212473,75.85532561894422,groundnut
23.35354775155261,47.29601933945989,25.268890351937998,29.925953509973127,61.39320261354093,7.069227730116285,86.3319097884189,groundnut
30.986729984836607,58.211765910818336,31.25179806696289,25.693714379057532,63.23713138955234,6.9873282211455585,88.99027321856619,groundnut
21.91712474794419,53.94428314958863,25.300812259801678,31.694120466015224,53.06354187802775,6.192284167430854,56.89366175037655,groundnut
25.578465148132327,63.58304161561791,24.82263352586683,28.202066645048507,62.75119385311602,6.453483805997084,78.6602601914408,groundnut
26.568846677311257,44.92666008743884,24.623813153801326,29.483865852980493,64.64288058281548,7.01940066247771,78.35436066782793,groundnut
26.423142844977765,54.50110919128775,22.62091914571477,26.728441896021675,59.37601071172801,5.989992920178358,79.0690077169991,groundnut
29.196328144673053,45.739738130969876,26.740596759541084,26.741737898116014,54.91712249002537,7.322224417503866,64.97766863982758,groundnut
19.88272272764862,51.288292382331875,26.074085913843064,29.33446428237988,70.00614026754954,6.189148073922148,69.215631620261,groundnut
31.43522198922743,55.63474259303471,28.200325351046928,26.820262608985363,65.62944110206126,6.821273128072415,76.89537268119366,groundnut
22.66028875906603,50.64017332633067,31.593947553933088,25.81206449479264,56.00100465968265,6.248879025971734,70.89178843990256,groundnut
24.93705325391589,55.751426169211435,26.84565645766985,28.121682101006858,61.38496737540173,6.7495963841452715,58.182940537704056,groundnut
29.286336767018405,45.04152234268159,23.22595851529005,28.68087064340717,59.62297085998041,6.694772176437336,76.41827918456406,groundnut
23.842670851753514,59.17254901625769,27.83226212804054,28.604234650271238,63.462599204296836,6.217868202917002,96.74771741816684,groundnut
20.649451195667446,50.67901194976041,23.85429488552904,27.351171249145903,57.7287162184262,6.191315999600599,86.8834220480812,groundnut
20.181188821668464,55.90138339210292,27.594150938883928,27.238217736641307,62.66303641896926,6.43684039292137,63.98993661490648,groundnut
20.638265381316373,53.932649098818146,27.414281294740093,28.484022828638437,58.04241730329747,6.4238273865475914,71.74446842835974,groundnut
18.01222345929253,50.36751950153768,27.089819444838003,28.135217597556412,68.84574586009602,6.098175142068008,68.3889628310628,groundnut
25.532075982734682,51.46260086115459,17.39516549989491,29.205395999751204,61.241584197777996,5.652242822466763,73.83290731115078,groundnut
21.76583391224533,47.28006041411726,19.647596861288548,28.832377357347145,68.80888190285113,6.606009429668113,53.406158982363536,groundnut
26.142384149331196,48.83216724680579,20.595949860983588,28.707247662782056,64.39882364063678,6.232602607242745,58.562671891881095,groundnut
16.95331104182852,46.00588943848807,24.377986122960763,26.96798887272504,56.58358953668809,6.727159810851262,79.62826046145925,groundnut
25.79837361104077,54.898926706064636,22.374770588818727,25.810881529882863,57.38833162886314,6.263478891327292,54.487105439529735,groundnut
22.817725441812115,56.62910333109335,28.20341372247145,29.05036771391216,60.658090216184895,7.079559410456812,64.3983210513204,groundnut
21.140691512148535,56.745771642131196,25.110419587354833,26.657643385911644,62.75962313378235,6.324613215324806,66.62474504527265,groundnut
21.538592748531638,51.9292961661561,25.82326198652265,31.0334935333119,58.54955376699249,6.377140220480835,89.39633530526916,groundnut
28.94258717311036,50.86938982257644,18.75594910967476,26.376290435433535,54.72952601306132,6.5145807107597475,69.91658885458456,groundnut
31.4116195713692,40.571376717355946,20.354641132349148,28.489257569759705,62.607180248820846,5.4651455076416635,57.64589840834756,groundnut
23.945585227437544,58.136261788909806,32.55104354086788,27.17100501967395,59.14676511289792,6.1652536970861425,81.33206399886123,groundnut
31.114118337975725,57.536124424280295,24.883997549378336,26.32293658972955,60.040985021549105,7.052314681773431,70.99482901653381,groundnut
17.73828388260899,47.83994448009519,23.883896986046643,24.357403677461004,61.160186659991595,6.702401865302159,93.5989261481831,groundnut
19.67049217262755,54.383128587732585,28.867344604703508,29.039241861870618,54.96599183577938,6.074029327702995,75.97196752283814,groundnut
25.360710639385168,46.64339705222776,30.166548054133024,27.19849683501588,50.53149627940482,6.410377394198065,79.80273348245706,groundnut
26.367844608244184,52.00533552283968,30.97595605742671,25.77041885659575,57.881458258246624,7.118021615204161,55.32650113035716,groundnut
24.785222211188923,57.37352669142221,29.856065003736237,29.320232745692707,63.42719650880847,6.083590750777946,88.73177083929185,groundnut
20.199753154856822,43.15752188375975,26.551496524654983,27.0139710085656,61.033483495198794,6.672306831712091,92.78109739375549,groundnut
26.734898342265637,46.28879417504925,27.705951832744542,26.336491599835774,64.5657776218802,6.525851167827702,79.00543816156949,groundnut
17.87738409154128,36.49552642891108,18.99430307034627,31.491541711396934,54.25922588576455,6.792923920795572,68.58092201089295,groundnut
24.03987960312304,49.731678469584445,31.575113711245983,29.16901106158285,61.925165701601756,7.0186793728444785,68.66803136238418,groundnut
29.273371907805732,55.40781557095239,28.55959745297413,27.689966594176983,57.813425521112855,6.1520705419322335,66.92817635033462,groundnut
21.331947395766033,52.201086570956456,24.086654746919713,28.86280039536004,62.43941009826402,6.076097578284667,64.1023146789077,groundnut
24.08535846730675,45.34927565831731,21.47835144189486,31.39137401814974,52.333226140612936,7.309225770911205,77.88876383359089,groundnut
28.944953132071703,55.20999690398139,27.467836709064144,31.32366359828637,54.58791655761609,6.437448648888637,66.47153087499252,groundnut
18.21568187587047,46.03255328865066,32.49019111289528,27.65306660516457,69.9175785666678,7.334330865377281,104.95130363696083,groundnut
32.62197207639322,64.14879119200285,26.300670164222897,28.456656467373346,61.474196806076755,6.500024881844146,76.49663135167543,groundnut
28.00873026061367,47.20509286822077,19.489503048765158,28.727237595145052,56.53597582837592,6.2642906010114645,73.57246769685828,groundnut
23.5114271218645,56.66025495510016,24.333033841906627,30.320899275753433,61.030081244710765,6.464588399225732,76.58220486286794,groundnut
19.833480543917066,52.02846313682417,28.396757185259844,29.98170085369245,53.23912957311066,5.892407919102809,69.63181474919163,groundnut
30.538649431971514,51.32585236148147,21.90121904100719,25.09412106613924,56.58005347773192,6.199379548594769,84.35617718645256,groundnut
29.050176997548178,43.70058876685438,28.0126642463264,29.301513797350857,54.10159592618534,6.466472520468839,78.40819988157418,groundnut
25.652941674869435,39.736753539148665,25.524729818066476,29.27252978286335,67.89797084433762,6.232483519941141,69.54546843471108,groundnut
24.16453293650956,51.747295527901336,25.38807107049142,29.20861597593418,54.37406728892429,6.658741475718619,67.57784619774345,groundnut
24.426664391777685,60.248081763537236,19.407028764935966,27.441065063121258,53.62677113844688,6.561227189820709,85.48232915390018,groundnut
25.67862047537708,49.299704879986024,30.313609316208208,28.66100486954429,64.09783028155906,6.786102954738054,46.237595958432394,groundnut
24.693324777516207,43.53155318671189,21.682732423372553,30.949172214650588,58.12597227338704,7.257027278322403,60.923115797291445,groundnut
20.66531687889053,54.57410396571182,23.634513920965965,28.6146546732021,59.43846586815125,6.442969504813597,71.95763931267923,groundnut
25.717973441630946,53.84982972516742,31.457688603889906,27.594974929314365,58.03180852182062,6.291015377416347,89.69783855032499,groundnut
27.761299588455273,38.605799441370976,17.227517188814474,26.33988424100383,61.150727220271875,6.486611944312524,80.1477855184368,groundnut
24.29822623126688,58.384512628273654,28.088445515096062,28.155153214231373,65.72669715267052,5.840437510273912,74.14925287334776,groundnut
25.55004922451194,53.612218999715054,18.139335988685517,27.479186186251038,62.002303981755375,6.690864850558935,86.861298414542,groundnut
28.04602132962698,49.634923703767754,27.69989499579502,27.597272728890736,60.73386976381426,6.817920940058945,74.54699206811958,groundnut
26.44795871812735,55.76785261590207,27.84865944295621,30.466943711762738,71.64224148976456,6.781171109342777,70.38707448595245,groundnut
27.047292191279205,52.8129104989425,27.454042774041525,30.990032494474743,51.57944245507997,7.105535196531894,93.50416868058113,groundnut
27.272282653080858,53.552810487338796,24.033420770962003,28.01264797963341,63.48976079574076,6.75342095710813,82.20709730003388,groundnut
27.506674286413134,55.39033984485422,28.14659467994259,25.951302669479738,64.1613402175394,7.243434646566491,74.73373248044598,groundnut
30.99791979192991,44.49622820053045,24.88094952155826,26.717683696380284,66.89610626211899,7.156190621763541,74.00803879912438,groundnut
29.684246090647402,59.90375976742,24.868324568153323,28.259503223593967,63.668076848134916,6.1629848073918865,76.1009759521456,groundnut
33.57114842480775,46.99991887849822,28.415304962826056,29.047608892274024,59.18117045648524,6.588662037163757,92.5261992453943,groundnut
27.214388586317202,54.25891173956758,31.403449185007027,27.421179126003665,54.765425450810774,7.207338956636112,76.3652178261843,groundnut
28.574403400596054,45.42602488628384,26.55410522098466,25.806134430276284,60.318699198640466,6.240830725928689,66.22345665087448,groundnut
23.787509322536305,36.23965614219076,20.360390248889868,29.564828312520657,61.73833194773864,6.070325221214957,80.47873569465067,groundnut
21.48714771139246,54.33178322248051,24.537443706152697,27.349753699215345,59.54468188136273,7.523811382666283,67.4119848047765,groundnut
25.906234665065515,54.68821225695422,21.15034860364426,24.811484325188136,56.99450928518914,6.803785280443547,71.57996548271717,groundnut
24.0755762745559,55.464617907752476,21.77462768202056,27.822489377707768,52.430794793415906,6.628287624290318,77.2950707456841,groundnut
28.18214519266887,43.128463209971684,24.23244967691033,25.443059279083627,58.769466569221,7.0927152301764895,71.79247244026017,groundnut
19.536320703020387,45.9207244101511,18.556192666331157,25.40845424238556,63.354934737477,5.921486705055159,78.12328590354878,groundnut
25.102970703530293,46.810830505439995,25.909399920231106,26.124676981305488,64.20422200413523,6.220663880571068,71.13633111393113,groundnut
22.978595978411573,54.1368413864466,27.177775654035596,22.7565976681524,61.271214681390894,5.802162867269768,71.58678287810837,groundnut
24.5673039130132,47.88765062280898,27.003276888395668,29.440153132159065,56.13267103590355,6.1760811990010716,74.64030446347483,groundnut
94.56267919433844,47.13813214887393,68.08846700032414,18.98739886957857,63.29941320343296,6.422309756120964,86.04214305110207,onion
104.62138793330347,47.12113468784902,53.81541043318962,22.018643607134504,66.35083527511844,6.334254045714122,77.90978240577573,onion
112.71063584288508,55.11139561259109,58.031186832960486,22.486368661782667,63.93451752562959,7.037304464847344,70.93011309896849,onion
110.08753948314998,47.25054800587451,56.90421821716701,22.475444149647654,69.09793729686358,6.394632570626973,71.01263421740903,onion
111.84169491019115,52.15018109825366,49.75502158883569,20.150534600578023,58.170777399390495,6.609865327995523,62.79221304087751,onion
105.03758881573252,42.834316856534926,57.58058077699319,19.751792797562462,68.78954221016475,6.743768390938673,71.20183425179482,onion
106.98058070319432,37.77387940218365,57.250760247030925,20.477086912625253,66.23637108632761,6.785912150641311,72.5970612999447,onion
122.63038309126588,46.590114593689464,56.341344712076136,24.075756457805156,65.83108197269067,6.525900377837335,84.77216915915825,onion
115.77730547382683,48.8567349563955,55.8843311181162,24.653025343167737,66.03498510444834,6.607355075861528,75.41021141964072,onion
118.80087856853974,53.29921990694538,65.30385345379166,22.902748717805363,67.77445291715114,6.380508643546969,84.48283105294047,onion
97.66323341009297,51.85626568698484,51.979397650928355,21.80374252232809,62.143531810659574,6.640726761403195,72.73406145086116,onion
100.43666297005407,49.82351327029055,68.3620453347377,19.375469804997078,60.729731154189665,6.8582263943746,70.62043850597136,onion
111.51154929824564,56.13381409215396,55.23558778921024,20.961329539804808,61.786790667665805,6.495539085799331,80.71617667958142,onion
92.98919904475488,42.834687134539564,51.80590159624093,24.803387901371934,61.928000326501184,6.5019979061745,57.08292657663251,onion
107.37613963834082,55.1991303250518,61.51774228963778,21.78427189740275,57.17557237274129,6.501614373807608,71.17531811140705,onion
100.08175142966695,53.92934694786729,65.31041127987042,20.94270258269181,68.62916096885853,6.56707812075479,79.17710385263051,onion
130.3415066005808,43.43800710840052,64.61690642127999,24.609929132325455,60.14659829824084,6.427463799534402,65.30898321416637,onion
108.67218761463877,47.86180696267627,58.810292471669506,23.675976656556337,55.52094139056922,6.307831973507587,75.35942460967894,onion
115.52776148620875,43.648746835799656,63.358211701822015,24.653733913639552,64.75486742767245,6.2976116933808335,76.99963405051398,onion
127.23045430970873,44.683158179362614,60.2355124437002,24.18031126977404,65.57679357481594,6.0758111000975745,73.54734175028639,onion
100.21191363677102,42.375664406035916,49.63351205408523,24.38081458633136,60.826443404912865,6.700000854074362,74.63163544463522,onion
111.618189898152,51.77942467984383,62.28628852439698,22.276195373290786,61.19920242841988,6.345198851354523,69.16014764659259,onion
108.73835951950983,52.57591839455945,66.60990040299096,22.68781072113898,60.9455814044142,5.945653255580815,63.84850235296541,onion
96.55509638473474,45.61776678583521,61.45366193319127,22.168781015677354,74.29088808469105,6.744924465624655,85.27333826651761,onion
117.15139403989927,56.514240459830205,57.84658637027425,19.850981433341417,62.7552005459956,6.5964391407966,64.97472892795983,onion
99.98857575529149,52.50102615452456,53.96761700281649,18.933016103762938,59.38956943051202,6.529693353521025,62.07264713788381,onion
107.7191009668149,53.60266583167526,63.446658281180106,20.678348181821377,58.480292064805255,6.427312960455238,75.24515847826841,onion
118.89196229044568,52.11733952620012,67.20861630597253,25.458404239238746,62.58386035935236,7.0459689761959465,67.91560383366605,onion
120.19848697260065,54.25143481203657,48.13764948448426,20.06754573014642,58.89356041844821,6.065385890512234,77.03451986716524,onion
130.68771855120065,48.45396497180568,65.12493999219828,24.96925063538149,66.0416585009138,6.592406080525488,68.03449657806325,onion
115.37558882204974,55.248164300195484,62.77082943623508,22.854926151633734,64.74398549396022,6.122113642478166,77.18173111005278,onion
97.15374880385153,53.71631385251493,64.53441989995773,19.719135791018548,61.96099604697423,7.236442365416923,69.36414209704495,onion
97.79786324565481,54.805275438278244,55.36394876656092,18.15895195509181,67.59884774023233,6.325014655265061,72.5695067377795,onion
101.87309961897635,54.24322516561811,61.10098994763561,16.82158282208204,66.91006270352294,6.513080601470882,81.33374113752645,onion
113.95207849015851,54.536947062518095,55.73675519387445,20.419864498364074,64.87175334469717,6.491815161961845,80.70407241768065,onion
108.46680941276672,42.65106950009763,55.03451451786803,23.930102169228007,64.16371327868536,6.533786469615071,78.48150055374236,onion
100.85236811134459,36.58894220943601,54.88280012186014,22.484178177092684,63.752442398309555,6.13187111397467,78.12847625081241,onion
111.63496946084449,52.33408816828095,62.51766155870022,19.40295150830021,66.51439458214746,6.872236134960602,79.12248184296523,onion
117.21263325012953,53.07877795155215,49.57547241137752,21.97013069444506,60.217128252817766,6.984650364583907,79.0430359390164,onion
100.49471189279807,49.72413089776391,61.49105666104264,23.80158251497807,56.62190875066273,5.93711330584871,70.30518808672657,onion
84.68583177624569,50.951434458872384,63.55324664149645,24.472159816655548,61.887158743720036,6.6483544938405466,75.2120787172826,onion
98.24279991585642,55.49208678650959,61.6460539513659,20.78910733858838,65.70690286112799,6.558199654446078,76.24059160198291,onion
106.39539909853067,51.36254296027316,56.27441029108012,20.124314322616534,65.85766395954924,6.330969699894429,76.40464233159058,onion
115.92232532177124,45.409313261936674,61.282682591239094,20.460600199331967,56.97843597099162,6.420832449765888,69.59746536581832,onion
115.21408724913533,50.89687958282203,65.44604769016937,20.037667657166853,63.1165080604392,7.093310010529898,54.5513595763934,onion
105.48045694074005,43.57103631342411,58.827609574475524,21.131105025127766,68.01077719045041,6.676656197822851,59.555059424717754,onion
104.11837926820913,49.99929770524588,64.43628530423409,26.865912569359853,68.51397894477708,6.296250023835154,69.24923795680643,onion
111.80976195033809,46.88365477793887,62.821546835607265,17.457245823199028,67.76574810664,6.457083773270858,69.1223581464358,onion
124.657229390265,42.430896946346465,61.63631567162298,23.587843158012895,65.8516822914315,6.115742308343947,80.80317301841062,onion
107.88645949593644,46.83475489953183,58.137102706842484,21.235707217988832,59.049101636251116,6.649485175823195,65.22213593668799,onion
116.7088827214983,53.10557296169108,69.75401647058285,21.57673371325464,60.98375124477592,6.159077299454185,87.54674708859851,onion
116.62107996516133,45.84548047292125,70.15893053560282,24.712324767772063,58.24361248772431,6.3739575374748085,68.94140123871703,onion
99.29914903998038,49.420523222534875,64.27177167863873,19.253478283355413,66.46500273986969,6.950549392629811,73.20176191416418,onion
109.24383645219909,45.99138944254246,64.9850512325961,19.64615977590393,66.21395905547561,6.6076547199159945,79.00488820967767,onion
104.1725123893111,47.013585128641296,52.54881077621146,22.874568549200816,62.88092078483876,6.341377806819044,63.86546986658175,onion
115.37105496462908,43.382237001661615,53.9150042101219,23.792722851034767,64.16939712085264,6.8866335257952915,67.12515347752668,onion
109.98874100603368,50.9377956316173,68.32371760288095,24.61174565242054,70.76618519096168,6.411354339019382,62.10536344493426,onion
117.60791463060907,58.2605582138049,66.97691239271242,22.02609851466684,68.63904272437075,6.823616295925539,71.19154233103524,onion
111.92373624737,50.589172020816825,55.27142080032659,20.627895124888095,61.49254819245181,6.120228966965248,71.14287941878727,onion
109.5942662716244,54.571784814102216,67.56430369787468,24.64858872969306,72.09232729154876,6.372875691813297,58.544325776102696,onion
119.30743578065433,58.2928006292054,69.33595468326256,22.969992419384752,55.01648026198187,6.709682839030077,74.44352694327529,onion
122.5207502125859,58.577772163899404,65.45780042031201,20.82544220340829,59.85441342723671,6.760188345544892,63.660679116595475,onion
124.75137106842371,39.77264637588847,63.401319674368004,22.639069949484977,63.966166662344186,6.322465117708577,53.5057895804555,onion
104.68571313927316,46.91670091259608,66.67041995309073,20.43428872343975,67.26385306781896,6.212328058967461,73.8419855526687,onion
87.62299647815333,62.571777067584165,59.153594839212886,16.410998551201985,61.41125262220062,6.33730133007424,64.75345494506959,onion
106.35358604201157,46.024297080046445,55.10152753759073,19.682634096002314,69.10894711966543,6.960340684570873,67.96340941410969,onion
109.82363349967724,43.24201483884453,60.42612419001855,22.459927524307638,63.90300695143088,6.718822493330834,72.4696702564082,onion
99.4586061090942,57.15828508237374,58.754122441022545,25.35114320383397,67.10210294709613,7.191279939111549,79.40215335445157,onion
112.27189628140862,45.66135880028226,55.79059515138303,23.066068569965044,65.71563041895459,6.423292129202674,76.66447958088034,onion
110.38771330356032,55.03405889180436,54.147179599790654,23.998943336016335,67.5049778467364,6.959270899338571,77.8194440057307,onion
109.15046599292087,49.00775275614011,70.69818595554565,21.41886306123608,68.74216849418922,6.485583902343077,55.10493535889881,onion
97.72660902194046,52.4355253091719,64.20679019763062,22.818426818440322,70.72974750696751,6.717378046570238,63.79812234932732,onion
115.94302181473763,51.01764776557978,56.54665197030276,22.94503860293372,65.39685083008723,6.418499834733796,68.57707381149616,onion
124.13567135542141,58.285326896417885,61.12886483562325,22.11453431577457,57.83477006368079,7.115809534009885,78.29073509894374,onion
117.51951570704327,36.35161569745617,60.24553590393478,21.745742583361825,68.414077191503,6.464690755936261,68.14631826837184,onion
116.19412938954703,45.358529797467924,56.555743899544076,22.386653279521923,71.69242851674787,6.842540921167004,78.60323255145998,onion
110.6331680621529,58.970468142697854,49.55290545299214,26.044478436802695,75.75879487590018,6.736984904861067,76.6581010994841,onion
109.62000135994721,48.74258982155998,56.33477774781397,21.901975967471152,67.77966737802852,6.725965154149026,85.89282457352991,onion
111.00274545802552,41.067028631929816,69.8658637273405,19.55809144348046,62.20304537247288,6.6815229424052704,73.33740065810579,onion
95.54561681069448,45.52116658175828,51.11530523236479,23.243426126645122,70.91689942351442,6.233448586726046,77.96527962438292,onion
119.30778744324662,46.04557526053098,48.10452578479304,19.85748796161054,62.02371206545604,7.062501254042758,69.05357939987023,onion
99.93172024009696,50.887091329711645,52.227913974806505,23.0286801004127,60.11167970364118,6.350242877942827,73.00393638745514,onion
127.5023368280222,63.186725361415384,53.76080696532274,20.80678734656936,67.57766142518679,6.9506368044926115,52.68733048329821,onion
110.87336818906299,47.07714214061663,48.45587280581813,19.32566444001526,62.161127701795266,6.617644505994736,78.06482288211316,onion
113.54348115082065,55.68523662300592,60.160346015083576,20.590108106126003,64.08125023064713,6.808655204240763,78.26049735461427,onion
108.52125315556152,44.42530842570177,62.013948956923414,22.95596192768444,71.16359543026559,6.396371138112118,64.6576219658745,onion
117.56160197539576,47.55539857394535,57.30189490392537,24.508279740280486,58.144971968594135,7.216860941932653,65.09891669513739,onion
118.66728402800712,49.347202028447754,61.62817370923282,21.474427000476474,69.28288326016487,6.4958028377941295,65.41642822523919,onion
128.13341825869992,50.176296182082154,55.94582663388276,19.019426820176204,74.3278901551799,6.4344223870634245,86.49470590800918,onion
113.98854351412882,50.85731120181471,61.01906287396798,26.43190187855339,54.03890715289569,6.664302455852251,67.87837113975954,onion
107.86906614916937,50.895871112851424,58.40247510302324,22.37626133437661,64.88211268922473,6.205932546544605,73.05092830248704,onion
117.16054451699581,46.747606294951495,71.20737646934442,24.671143491328188,69.21976149585586,6.849546223208404,70.2407756208791,onion
121.41372104734421,59.42452767237261,64.84814407687169,20.85943331637527,64.801592808567,6.772101009892826,76.70195923236915,onion
109.2252278545645,46.59914871735757,69.505241924267,19.855360570962084,60.293341221835405,6.201861657149576,62.45159344300541,onion
122.47344877119004,57.68499653907922,59.55572679320898,22.99262879111356,64.94747711188042,6.242406952214113,87.74485606139547,onion
123.74739965069978,52.12651643197825,54.86466046564638,21.55013124566044,61.53787224290016,6.62927467227854,72.47938539679478,onion
106.58874506189638,41.27352348255799,72.7923539142953,22.475053493662703,67.28296000097214,6.473277184177504,57.50391107736629,onion
109.16699469102163,48.060667946078595,64.25720628431746,23.81215514675234,68.82514739854685,6.896481700775144,84.42932645981278,onion
113.89851739535555,56.595294924859004,62.96316344301437,18.199929200044167,64.22739858656145,6.339686547928864,71.85146664563489,onion
102.08989840686363,53.63408534018202,65.88616858883756,24.40714009204032,73.09630780762134,6.097192774778732,60.40799972042545,onion
113.42252148986495,66.05714231915726,71.34668782628206,24.06407502062379,67.7156992645254,5.919876032739374,72.27670895376508,tomato
89.10521924396274,55.70484074723768,66.48918405670351,29.117462843961235,66.74173479216799,6.58343600248002,82.42536285003722,tomato
94.71567598898467,57.13630340477939,77.48188748823209,24.887124387213472,61.56417813137667,6.467748800231111,78.2785167932821,tomato
88.25467635735502,63.0557808133385,73.80835113507533,25.033306165627973,69.69457679038781,6.5256913122968525,58.487929958876926,tomato
96.22314103150538,62.93012457063886,64.09143233997256,24.561164556793283,71.23969240540112,6.851374119567518,85.10301443173887,tomato
92.57281445453094,65.68063390500446,68.16075987883531,24.824006439190104,64.89443402898088,6.833089012286391,63.90288885743328,tomato
96.5338973932026,60.10625377108804,75.79232398435776,22.438911259217406,68.44991789408148,6.518189026919384,84.33883560050455,tomato
81.61950439481616,63.81729052850612,58.92463523156586,22.664315885765273,60.18634996430401,6.748465819905688,84.00130777509037,tomato
93.6483091751899,68.83913637749136,68.10434998502919,25.21917136282532,68.33011173588237,6.474129633599418,93.06625832078896,tomato
106.65503490721633,57.411200022819514,75.0023175491193,24.63823382529362,69.65556211225221,6.574153318710047,76.66922008538842,tomato
61.320155512626386,69.20885594759093,65.8316044739656,23.516885710098784,66.89853549990956,6.264858982023987,82.40240141995622,tomato
89.64550051662331,55.70078412702277,70.89581209990813,23.93390661408327,72.63919285644052,6.09788516369548,71.94610679108217,tomato
95.80238088669924,56.161542339310664,64.5795864247295,22.819418117982778,67.49510641655309,6.470846319179888,77.90041563897667,tomato
81.7714788124108,64.63895356352118,77.95731857354606,20.17914262722654,60.23229691288237,6.800857092432496,95.69796340625739,tomato
72.96656822636211,64.892619007673,79.82727931869267,22.27517546833438,75.89833913446606,6.446601715735998,83.1463709057312,tomato
84.24613348362328,66.00617115612833,75.0067127056928,27.449418711459646,75.20303684555113,6.49725498673483,111.08378615181897,tomato
100.8063411877896,63.24309621027394,64.01707361407833,20.93993454154473,60.77486071461669,6.219900353922636,93.77302655890227,tomato
93.89671130670018,56.31976089978925,69.18478593461975,23.48450719414423,72.00025335261832,6.236360671269251,83.49686386116242,tomato
92.4006862075736,54.90679193908253,79.52803617526209,23.408857586953744,63.03624937721882,6.755863993856058,80.54495577154643,tomato
93.26742650127244,52.89192119885076,74.87449750985184,28.34485672904911,61.68583135107768,6.606262641796858,72.14690304649987,tomato
111.5168484767797,67.4377948689015,71.69264405817982,21.54426504826116,63.06971962611871,6.723882351704536,66.3750780228251,tomato
79.35108924206345,60.052987591007266,70.80050001726144,24.760062814388586,65.80237351091444,6.776043963839325,71.38185287023573,tomato
95.01315482845153,61.28472407200875,73.6038945137712,26.363996103851076,65.7233382744756,6.301676740454171,63.116062438484164,tomato
73.84798323261731,58.94415505158313,69.35486271478231,21.827833752112348,63.64450150065779,6.957036157188779,88.75839780302813,tomato
79.90714500222701,57.34591169328657,72.43601614993842,22.747097951278917,63.956523422972836,6.39852626486524,90.90660885332474,tomato
99.45121042014992,55.58731909324638,72.76330656780587,23.987176494244498,62.958822537569745,6.410877646024987,67.35765812002361,tomato
99.30444189722476,69.31483225593182,67.53656151055546,22.701841374911375,73.27297218824287,6.864844682294005,68.85588598107485,tomato
88.8156426499788,59.64636967277259,65.37534235807048,24.771963388174896,64.50027332458025,6.337921776393087,78.98657270164959,tomato
78.08750174219713,47.66128038014014,75.50963419982996,22.519353821776306,78.6743204151252,7.091551377525098,74.93521378280944,tomato
108.71242396466101,65.62544717632545,66.12811718234154,18.836320520375452,71.44077568800164,6.509388762464344,84.31361585743699,tomato
88.1693105879644,53.13685841640681,67.43784001347296,25.413274571890078,66.22812316312894,6.391874642797218,64.80612911942353,tomato
90.7296038542262,53.32840835107482,75.51115719818867,22.531798199539637,66.52147954752121,7.149195069723311,76.93425777299412,tomato
86.4754014709354,63.513731915393585,59.288429186646084,26.50161864355705,72.96970021727797,6.657335523462417,46.229025065236904,tomato
87.92470641219379,52.362802643968,76.74464070375724,26.105122174512022,69.94004944915386,6.139066640857997,94.9429421052493,tomato
87.9019108878441,70.83222640140339,71.59232240117589,25.013616037833295,65.69847807718735,6.922086673334543,86.08433884293608,tomato
101.54313354011697,61.06524719128224,69.7177680444652,25.19026032579762,75.21270254545604,6.8050202921717515,81.38223807154273,tomato
75.1422519389768,64.86231623622794,61.36777121527605,24.070011512304678,67.42116906314712,6.074669455080316,83.72503089873834,tomato
107.23454192165822,58.124366812920485,74.59527797447878,28.711379677484217,72.31306609504436,6.306547007702681,82.37014796122749,tomato
93.84624146487452,68.60287879964378,77.28430204382852,18.460232763030866,63.71897723901912,6.47899198321592,69.84712937462305,tomato
60.399267527274866,55.646289073495936,69.97833635507403,22.949430634377123,63.0152837246183,6.512439387435449,83.4308817525213,tomato
86.25122308827622,68.23046293484204,70.34628649527686,22.256972660730238,62.377313388250826,6.436109059022401,91.13420653537455,tomato
83.41049032685493,63.57527690398021,70.56734146008587,27.986465939009353,69.95125731830285,6.290532128172242,87.36369528764686,tomato
96.16017592716776,57.61793392622511,63.01602577401994,25.07207038245314,68.31757588382501,6.045034972478734,82.54520998990613,tomato
84.90405681583034,50.90638774882511,67.8873019396702,26.565837468413726,74.04030750044029,6.78402563060221,82.69232890092123,tomato
94.7663776268408,60.59186748886801,63.36969504271319,22.18899620229513,64.96409537221147,6.920407722990899,90.76690731120445,tomato
81.3609794933854,60.320346692497196,67.58435714348363,23.689798921398634,65.31978590523886,6.921707486841884,79.81093463126365,tomato
91.72925443681018,61.34554923679994,63.83337895023388,24.217107395681055,73.31158410893421,6.941807295644212,68.52185032280558,tomato
77.85119010089016,60.37280748024913,76.65512545441021,24.719192908567376,71.40148038039902,6.0919252937280435,74.28012515730006,tomato
72.43110155365679,59.14507170452425,57.014683354940374,26.665323403680954,75.77410733954467,6.54219304761853,64.8742689232207,tomato
93.00570123130541,71.15479535076565,72.85441299812156,26.36996798098184,65.5741734415189,6.238636985649985,79.2913799083735,tomato
74.58635716047417,73.58453136788367,70.83790027888296,25.733545908734015,65.69245735801897,6.037074089042513,94.25814830680876,tomato
81.00719774978694,62.09303258141545,72.65850886791671,24.147902607357768,64.07707881908901,6.455110328892131,70.4994917395762,tomato
96.4734215404715,63.42928156498928,69.87158540141262,22.863297056609937,78.53658949891008,6.109380804153999,64.55386903139157,tomato
89.34395215497581,58.45171604057456,76.5854947285263,25.292232909893343,68.1476279349102,6.650101334845842,84.82165748249659,tomato
106.8284537614556,61.52018034297261,65.91353720392304,24.39700219965642,54.90660293364879,6.490205737573891,90.92982471105988,tomato
94.81747295096338,61.79133626187405,73.89543493342296,26.206513089755433,75.12616703649094,6.634236770086837,76.83888565487308,tomato
71.49182407552179,65.86904056204638,73.09121508162342,24.3053189750316,64.55974252402882,6.789545601002167,77.42763574171867,tomato
89.72462311163213,59.66406846499054,72.69911030899299,21.702735977939742,70.81275930953673,6.283733492957592,73.14196293100844,tomato
97.081920380462,54.029829233426575,75.30065440606279,24.20273344941781,59.75861625564964,6.90934275549395,83.10253727263495,tomato
93.15300692711897,66.04345386350856,78.9953244673678,24.402053792432255,71.08643661248034,6.611355779185228,76.57132293298321,tomato
77.33250957683885,61.28953235462525,78.27362698386733,25.166665926715314,62.66288404511779,6.829256451693472,76.9053014814366,tomato
73.26379302003997,66.10742289109513,64.32771625544132,27.56145674623582,73.73886700298709,6.431660217901052,84.59359845754463,tomato
109.39134852524083,66.00004222702191,71.42920014870754,29.77830798841254,68.58790505478244,6.674544445663651,70.6378681094074,tomato
76.60224907524088,58.27318624830988,70.23044850621112,24.658527168819717,60.901144766128766,6.698202296635384,71.69614475956323,tomato
94.86987487515532,65.6095588970619,67.62694545968422,22.0723621354648,75.71824658691814,6.7618736282897585,81.51976333847406,tomato
101.74742210943883,60.49957034385308,66.2769567388321,21.99659587125448,67.46100432323179,6.731516143394478,93.89759215107819,tomato
90.1880817282758,67.27874956761407,68.71438341098781,22.43680396268829,61.46843383099806,6.34812801129744,67.31342572550345,tomato
106.0760930495216,62.63577855785607,69.42631090501413,27.444003524691148,61.488663155142476,6.458857149231277,99.99673792101862,tomato
88.84767594620266,74.68088267042717,74.71362903664924,26.611851817264466,74.67447411727436,6.500480738074411,75.11788335404424,tomato
89.0764774409567,54.078404980118236,69.60422270062124,23.991187901510077,76.44617497659601,6.677982713218244,103.62617557786872,tomato
72.72364721884841,52.697737799820345,67.8679280340078,26.98498892802841,67.45211399858326,6.059651949304625,77.54875563851037,tomato
80.41921393796069,51.638245391101165,81.9929669059234,23.296782266638697,68.86576431401257,6.472113095849574,77.48504375391552,tomato
83.27471174169894,58.136192374970115,72.02341287114488,26.837270624127907,72.73717818277036,6.1342799307634746,89.88532418236605,tomato
93.80350409221896,56.25167399631903,71.09258257711942,25.144574367299796,68.23526473911438,6.644073000247016,71.370489830762,tomato
105.9426563539721,48.424291626130646,73.46710733996885,24.733526926020645,71.21471696725857,6.287488894505521,91.69197028333056,tomato
89.13615454657351,52.882710365580394,63.43113767034426,24.249410137675177,60.01739238269254,7.040151795032727,90.48921280542636,tomato
104.61475456680797,70.3285409346534,67.88856121119045,22.261341074699647,54.61113658917907,6.378129762532111,97.65652855835953,tomato
83.37719474002236,58.74047403081747,66.6725785055027,24.74999030721543,74.43042342107155,6.038236814745645,66.52224018369407,tomato
101.89296031419484,64.39840124671086,68.44371663190925,27.41416552385282,61.174855568050475,6.77936404735731,79.31761891136001,tomato
94.85235068810314,45.67708732724836,68.4357798406339,25.473593432072743,67.68334890802585,6.876589331840256,92.21805007140786,tomato
82.33149099823527,64.94395590800208,64.04402405663056,24.108030882309514,71.28064124653811,6.249415120621825,87.86926185564383,tomato
85.95715403078478,56.51581483552591,74.23990590123829,22.32805411263316,63.565822653184526,6.812346812009025,81.08557151924934,tomato
78.36704403757363,65.13384827032927,67.56039260653932,21.19397332087707,55.4634249441918,6.7710242891097225,71.40081933888429,tomato
80.04924182961199,63.83641698231595,74.83474957785312,22.42579400281074,72.56320329802989,7.116467876333938,93.46663270971098,tomato
99.52845676157564,61.88477473279518,67.33769076682647,23.888227894206487,70.2037080183138,6.12274641240353,72.3061809239354,tomato
78.57799885613932,61.41111973374848,70.49832353437323,22.694582669062772,72.1024960268987,6.1866198902215075,73.1016525982276,tomato
96.24421187930005,65.57289468075683,65.22564278374693,24.46408520948648,64.10596379610485,6.440798139926809,81.43837394151564,tomato
94.48292959052748,61.90535408095866,71.63897404324146,21.84300332578599,69.94138319653749,6.6653196053588895,86.88934530087133,tomato
84.2438385642329,65.49351369950165,62.09659082933905,23.138363691911902,66.62240458852918,6.12127728124901,77.09288988495196,tomato
91.7718473147584,49.04536690899999,67.63186969737492,20.50319813547335,78.20769392158472,6.563747365080195,81.25829283831008,tomato
91.85658729327312,63.62712378360499,75.86892909900718,20.872892142370674,74.55088798713379,6.873747588205176,79.33653389142458,tomato
89.0501704745344,41.38343522025556,62.53605302679047,25.037698552526315,74.00308733154945,6.718651076635039,79.24284934221711,tomato
105.40698160454755,66.03105333820284,67.63704148753057,28.364221303906827,62.519163826467,6.058447933838763,75.78894612876077,tomato
83.93087857583532,57.810410313078606,74.7885441784067,23.932040856790643,67.95851616190107,6.517644444862671,56.876745070252134,tomato
77.87791593665546,57.68813240742347,64.94242719191358,23.536425025707764,75.02064189804045,6.477665150782041,66.77831782277015,tomato
83.65520170188262,70.26345545395353,79.19496382875408,25.191754871297764,60.18758464652335,6.592041480531245,83.83697099150702,tomato
90.20432166712192,56.57993366634384,67.82421373678153,22.720570185625856,62.27463020820488,6.909796350640473,88.82313795029695,tomato
87.72056445933352,62.113069850206614,72.33820534234322,28.685767116152125,72.36284340457853,6.750430885618432,80.37981013069334,tomato
86.5246083327186,68.29626151596969,73.9136327053971,22.340916091891202,70.2693327716992,6.751215826526244,59.04169043707138,tomato
82.62090565932266,62.176588956239435,58.453232177027466,20.46773766822941,66.64769129802869,6.647463277728483,85.37783706901118,tomato
153.98879463229753,60.575847215226496,67.76408287923687,27.385280827689503,76.46148953429186,7.212258792399018,215.05444406974237,sugarcane
138.1754280807419,63.82980454706302,77.65830135444754,30.150543686239917,83.46927535100095,6.782005948210196,198.53417910919018,sugarcane
129.23000124167496,65.54893592217306,63.91309332045131,29.356469048993016,70.56129403670938,7.178312825670958,224.93580551450967,sugarcane
145.92849541560116,65.68839329428845,75.03640237587969,31.39938765687301,80.45758249002432,7.203674037288588,186.8863574018488,sugarcane
132.59767867776185,60.49170282495959,67.98576916780291,26.86738072793032,73.05996405242425,7.068992834507042,218.11551817443836,sugarcane
135.11210290991647,79.35375303297937,64.48142541906837,30.889884284131398,83.16481044259777,7.319703136349673,213.10133723549237,sugarcane
147.8430476861053,60.3877604336039,79.9772904689233,32.566318212708524,74.59108959715782,7.096470381290316,169.05406740946296,sugarcane
153.26146767882852,61.56962008722214,78.09263706440208,29.78128499046434,70.57493000493875,7.791210262320997,202.6217709437448,sugarcane
122.9974965191784,68.02033601873622,82.21514368746577,29.595123651085974,77.60303035709211,7.0714138704134735,177.78058736895798,sugarcane
126.71199060502357,72.47348105055515,69.20676137260291,28.32488604394958,76.1918324145469,7.321847106199041,160.48206229750122,sugarcane
138.0557987682462,77.23553121529723,82.18637576373418,31.146405561637344,83.26577044017593,7.392047885438883,197.48295993021802,sugarcane
146.09752564037169,72.5200811315115,62.41742654125521,31.153301754963195,79.4459017923542,7.030949345492263,200.2926661133076,sugarcane
137.78003967036514,62.209005384946394,76.71169175717907,30.95302932645436,77.2884936212945,6.748023562752691,190.55114964345924,sugarcane
138.13399323454837,55.05750483482371,75.67526253228773,30.86011028134571,82.57410968022805,6.808354233709892,183.37864670703502,sugarcane
148.63268671521197,60.90967769667288,68.78489722658865,31.39732099130479,80.6457969545829,6.623270878980012,227.6929024617218,sugarcane
130.0751166790155,71.90012633419333,61.99870831861802,30.634797764960624,77.25751519624609,6.407429597069745,213.16415956103327,sugarcane
111.91275567905993,57.95833197323082,76.62565286629713,28.93992804540992,74.38506339393793,7.240106941168603,195.009638989412,sugarcane
130.13928366372213,68.92494734018526,62.996327589072536,29.080785489059156,81.46578804427908,6.630415793347145,235.50694319472387,sugarcane
132.39783017919873,66.12169166988656,75.23461106813525,29.695424152075145,76.08395155261377,6.987110631413741,214.2536849498075,sugarcane
123.1629018724697,51.57718987888227,78.90521633052174,28.530289859134207,79.4163355281136,6.939338737330269,196.84268777553174,sugarcane
152.16467665665175,59.40381568569733,67.85904323069273,29.460568727450216,75.98616632368997,6.798972792212487,190.0110627416824,sugarcane
154.9585213546634,64.98042178942298,67.92882070684196,31.963311269237646,71.65122479445051,7.412703505514701,225.90311539653845,sugarcane
161.83600816828368,67.0808600735506,72.62340726319103,32.5822807697363,75.49676227450561,6.881375052489355,198.71510363093122,sugarcane
151.42657837080472,54.00885153052437,64.22762981458204,30.473076156414034,80.87012198830347,6.789075827217977,213.40835905543867,sugarcane
151.42079210460486,68.40323185438467,72.11975661116945,29.818804502222044,84.94249454258966,7.004621198347436,218.8070923923041,sugarcane
158.49937775022693,65.84687655740954,64.01745260255792,27.521954437383425,76.8094823197476,7.212849737037468,208.89571733688027,sugarcane
161.48498478556408,63.04539401432985,68.0353526994962,27.73331579378022,82.72174951158938,6.998181631237524,169.87720463534538,sugarcane
135.26712723498323,53.02983322211095,67.4461749379011,30.012383952885333,74.37928780666003,6.853712749313093,185.11760331773363,sugarcane
126.39252964415718,52.943856380079076,67.10341261238126,28.210603116452095,80.34633646390338,7.060240016059087,223.89430449981577,sugarcane
157.64044068525124,64.74127509745239,72.69752214779984,31.48067454458979,79.86635526800863,7.015059803627977,199.41348387305203,sugarcane
122.73996043125562,65.87243688013388,69.81223114085002,32.89903794858128,81.66054361434126,6.8122145133172065,224.9338209379751,sugarcane
104.27109652195708,73.5115802147047,61.969328333502006,30.990224358341738,79.70966466459011,7.337115058552525,193.42606385391176,sugarcane
109.25377833765533,57.70898462033611,68.68502618500206,25.90161596676539,78.18148643584296,6.677244553400636,212.98170206186907,sugarcane
132.04704317008182,73.72766419863814,68.4629280589571,30.86078253268239,77.14771397416199,6.513019543461877,195.9057398972501,sugarcane
144.04096129405775,64.21392863965474,68.24039357303279,27.08648776616807,80.57783435093314,7.125845975639047,216.86821707705198,sugarcane
131.71065365718454,48.209376450333096,73.20256109846017,29.98171446985303,83.56673509360046,7.008619909733925,199.09066221620998,sugarcane
140.00705366239177,55.82148251839208,66.12918567325859,29.804209467324117,74.31837476692012,6.931271360360211,238.791227148974,sugarcane
147.5116047207164,62.15626558979755,79.31006356572951,28.35020780398671,87.96175947951998,6.861849244732082,240.0761179101836,sugarcane
158.9928365733558,47.72739135241956,78.80255285885089,29.432181719094647,75.72812617072772,7.157391436049496,179.84169350490484,sugarcane
141.02396505499533,53.414438623917036,71.06247567557091,32.670725158180296,79.54607174172982,6.892062523815656,210.8282222167584,sugarcane
118.1222370959412,54.12797451062776,67.41837963695791,31.573700492236252,79.62319501528572,7.160549936350402,199.45234902179132,sugarcane
125.54280424796923,70.41681855598534,65.81323927319404,30.83807789941164,77.551581387385,7.168897950110397,187.89026029566128,sugarcane
147.6321259306446,69.64794541085156,75.94793849497823,30.315250651947295,76.25949901558526,7.846633535157868,180.16750910476063,sugarcane
145.57475462064158,62.32949421653637,69.62477534692768,30.37032587946803,75.95913878655479,7.128116662973574,206.33648971920135,sugarcane
167.13183867510207,67.49575550558633,73.09529663275845,31.151117866619252,85.35815062198299,6.708872030577918,196.3453451247646,sugarcane
112.11433406785527,63.911416895133314,75.0890425032658,28.00879989553033,83.74032007200282,6.784336002212564,193.15063781966873,sugarcane
136.43479098744038,71.1593745393187,64.85081309151461,30.582494250731365,81.09935101916969,7.1705410491038455,212.10802066133408,sugarcane
144.1380026660873,56.11694092776415,80.12667872098194,29.777701203655145,77.02460718807038,7.404287650394126,187.3886626624606,sugarcane
138.84333828838825,54.94015763203334,85.1154148926701,34.61730903345358,77.55903607425381,7.15595715205016,200.10399610094763,sugarcane
130.8168061390992,60.837420493741064,69.75639138866525,26.95866518513607,79.05209328626236,6.987312138246207,206.24400913267073,sugarcane
134.06978666682622,57.47762445565018,75.24946036165419,31.066268807416815,83.58418919974275,7.148418929341699,196.0478689636973,sugarcane
142.40122231421321,46.1357078853272,82.62207933238471,30.548760287555133,86.73782357650302,6.73919648209581,177.6470923477187,sugarcane
139.38999951197178,62.537743199366616,72.02946864662167,30.37165240650096,75.48753135629444,6.554393261776443,205.66301113301373,sugarcane
119.60889599641942,50.36095591582891,67.71620920919058,30.861317970656767,85.95103694902517,7.293777790976138,228.66435174258163,sugarcane
142.84394025051685,62.567976032606126,85.03474188913655,27.354288772215213,76.34707873442302,6.899446069125276,217.87114042716644,sugarcane
123.25467890776694,65.34400725303621,73.47789899061641,31.626694869893594,81.1808921873804,7.461495890989779,199.0158107412525,sugarcane
141.36189491389874,54.84415500105964,64.2112299383946,33.5296575692072,74.7515248505717,7.1923936230858665,210.62085599014966,sugarcane
149.09977073204726,48.39259545980645,75.3472419552771,29.883935987169608,75.60036352615039,6.924754746471883,220.7354157408201,sugarcane
143.7748862079009,59.104535793961496,63.16535521558432,27.86291080617672,81.01212063969865,6.616677272303682,197.63691023511385,sugarcane
167.17286552855884,63.21692586859067,74.45349522397002,27.877929456267342,73.09079337531023,7.238746611111416,194.35296022210284,sugarcane
149.08345777876409,61.00193266337163,91.33817671330078,29.055360369373304,79.55652611675772,6.761756301223759,222.6416002130486,sugarcane
141.48614872649142,53.971671026099706,68.69629063531943,32.94366954700105,83.40683642148981,6.605681308220306,192.6806071253559,sugarcane
158.0567610755636,59.52975539513694,71.70053508729555,32.25386383332015,73.07135317480632,6.748090750771181,195.52601833566717,sugarcane
150.655483438263,67.83835743776608,74.91859820312258,29.921680102658463,82.91827895071877,6.9842064307485066,213.55936024744815,sugarcane
147.14446770473526,72.57774047257453,70.26205249250904,29.474779558107166,83.58030145115346,7.441555773604754,191.13251015219367,sugarcane
122.93959521762882,69.23324126316278,60.74963575842776,26.814397142916697,77.32681954076516,7.030731914718746,178.80095667445602,sugarcane
137.66237206052617,61.86529062045536,67.11767263567432,34.066928358335716,79.71904484002921,7.338546710956535,170.87574022661354,sugarcane
117.42189825059344,63.22043827454249,81.12914613652164,27.980128442055236,78.57350658600512,6.629471126591104,185.62754801570694,sugarcane
137.3173358256985,56.551721506460666,62.16685658098194,27.34416461877083,70.45596760214305,7.142975140964377,211.95162050862277,sugarcane
142.11064123856863,53.635769414943304,76.03570774344509,31.413557335021718,78.02917762658,6.9529513770222255,187.01769061928061,sugarcane
137.3059420071447,71.32073463722598,76.82713969369908,29.487579152741844,80.15448584709743,6.669570985143473,214.601343548104,sugarcane
125.02971428801565,64.83178892894371,87.81443314284641,28.859975135345742,89.69121323695212,7.147190646334893,185.00748733476098,sugarcane
125.45452599918701,76.55468925493874,72.95793210821859,28.86769428766832,77.18615755582839,7.129232733312686,199.82558649573934,sugarcane
139.15078975529002,72.41527627657993,63.232176012623945,31.289260655527823,77.70840958127148,6.850286396182385,221.44348335579883,sugarcane
117.46289238378348,43.43496649296213,71.3471980885729,29.723640520254207,72.58861099808017,6.48683425114449,238.6126675533761,sugarcane
140.55617817551615,60.13752006150246,83.17146945375664,32.04412498613114,85.07710708216082,6.6460138215650435,175.6521481975063,sugarcane
142.4049028213922,62.90149452667052,77.49797221395924,26.73842224937468,80.81438966388657,7.2967805900260885,218.72344133622775,sugarcane
130.11966742550973,63.63030620117254,65.34605744820789,29.41410783630574,73.82825464280826,6.772400281198374,195.1807534324176,sugarcane
129.10875902834553,54.68845989861052,62.20241768693067,33.922191576918024,75.99774822710296,7.098989672059369,164.82056087511296,sugarcane
151.29178959491298,61.17012455340792,67.33675274244924,29.129717858672105,81.47763943106422,6.114071371376563,183.51613322581846,sugarcane
133.57099394878568,59.085722431381136,85.03187178207048,29.324813059103736,81.96090796824662,7.543497155960785,213.4122817157686,sugarcane
126.91420714462394,51.00858689809138,74.47252169628523,33.2900504473129,80.18385238211648,7.370034446180846,251.83894095476174,sugarcane
145.04849141268744,52.29556993944257,70.30636459302673,32.7404303870423,77.00488083620795,7.451711678443887,198.66126204023217,sugarcane
139.012169051362,57.544812717593054,70.95721804192645,30.424894855539083,71.56583229433313,6.8675220122256775,175.3358382629312,sugarcane
130.1146967113397,54.433853612343604,76.07092705741346,32.04679987417102,80.2411766173339,6.6197052306355495,198.03730445572916,sugarcane
118.83369225863851,58.968946298342324,73.88452700337562,31.984208645830208,79.89137911943618,7.377541469204212,205.19512773874916,sugarcane
132.19727673587644,66.11562356789588,75.43885660106004,28.95165660335257,79.51592903428028,6.911705987699012,159.8281039559919,sugarcane
140.28127790535984,50.93834472746639,71.96934525600257,26.929387395677587,75.12133169191704,6.869920359479295,224.0344954062269,sugarcane
128.59781928016886,52.47520332473905,72.18607049196156,29.566052822532292,81.16224224259736,6.696436015250639,204.21707764279557,sugarcane
164.63480156072623,58.3250472867596,71.12038245820376,26.677919483924757,74.58808284803139,7.137916210612831,193.40204514995563,sugarcane
142.37319552720936,62.97457080057615,62.09182338473344,32.03061256524963,73.0292602263104,6.770523428257772,204.58969831068427,sugarcane
153.80427609607895,52.972865535107566,70.88610672051732,30.312040937660683,80.62943991108975,7.355209164903727,191.9184947199612,sugarcane
147.1421908951554,69.31225203178465,80.70375507322944,31.00384659944324,78.62974764141053,6.857624657915539,170.82026535700786,sugarcane
131.66455760809802,60.78636415358556,69.34304618540256,31.195435985629658,72.18330690237389,6.945407718913058,239.8953901826062,sugarcane
146.9471851140267,64.31333090448905,72.34409425013494,29.269136285202666,70.98371899297315,7.1371385771236,151.03143367420662,sugarcane
131.0933296486467,59.97438567348368,67.31685738755792,34.34276612027046,85.29737114040024,7.309843520103029,181.49346467855244,sugarcane
158.05698392358545,64.3327839717659,64.34812204148193,30.065433822592485,81.83429941415253,6.820336347807308,202.81065109345585,sugarcane
138.7977165261619,52.294020589220004,68.37944291345259,27.94907484991362,81.47467206282687,6.727583372326835,205.8360740826278,sugarcane
118.31813017927684,52.06594181801083,62.90871274497591,29.42084969223984,78.72152647988185,7.109426588557489,164.5552973657941,sugarcane
132.976327391644,54.74599523202929,73.20507095662155,29.464727337841477,77.67667597752606,6.776515318449082,234.49295419180999,sugarcane
